Unique Name,val,val ilvl 84, ilvl 84 q20
Original Sin,1128.89,2257780,2709336
Replica Cortex,1064.09,2128180,2553816
Headhunter,891.16,1782320,2138784
Mageblood,891.16,1782320,2138784
Defiance of Destiny,891.16,1782320,2138784
Reefbane,851.24,1702480,2042976
Replica Shroud of the Lightless,791.78,1583560,1900272
Stasis Prison,791.78,1583560,1900272
The Squire,768.72,1537440,1844928
Rakiata's Dance,768.72,1537440,1844928
Angler's Plait,734.29,1468580,1762296
Starforge,703.49,1406980,1688376
Voidforge,703.49,1406980,1688376
Replica Kongor's Undying Rage,703.49,1406980,1688376
Echoforge,703.49,1406980,1688376
Lioneye's Glare,683,1366000,1639200
Divinarius,683,1366000,1639200
Essentia Sanguis,683,1366000,1639200
Kingmaker,683,1366000,1639200
Jiquani's Potential,683,1366000,1639200
Soul Taker,663.11,1326220,1591464
Voltaxic Rift,643.79,1287580,1545096
Atziri's Disfavour,643.79,1287580,1545096
Varunastra,643.79,1287580,1545096
Replica Duskdawn,643.79,1287580,1545096
Bloodseeker,606.84,1213680,1456416
The Saviour,606.84,1213680,1456416
Replica Tukohama's Fortress,589.16,1178320,1413984
Kalandra's Touch,572,1144000,1372800
Bino's Kitchen Knife,539.17,1078340,1294008
Marohi Erqi,523.46,1046920,1256304
The Winds of Fate,493.41,986820,1184184
Hateforge,389.5,779000,934800
Uul-Netol's Vow,367.15,734300,881160
Soul Ascension,317.64,635280,762336
Nimis,317.64,635280,762336
Replica Headhunter,316.7,633400,760080
The Tower of Ordeals,282.22,564440,677328
Ephemeral Edge,250.01,500020,600024
Yoke of Suffering,236.36,472720,567264
Replica Poorjoy's Asylum,229.47,458940,550728
Manastorm,210,420000,504000
Replica Bated Breath,206,412000,494400
Stranglegasp,203.28,406560,487872
Replica Farrul's Fur,186.58,373160,447792
Kitava's Feast,181.15,362300,434760
Replica Nebulis,181.15,362300,434760
Malachai's Mark,175.87,351740,422088
Replica Windripper,170.75,341500,409800
Tidebreaker,165.78,331560,397872
Replica Eternity Shroud,165.78,331560,397872
Annihilation's Approach,165.78,331560,397872
Eternal Damnation,165.78,331560,397872
Duskdawn,160.95,321900,386280
The Brine Crown,156.26,312520,375024
Replica Atziri's Acuity,156.26,312520,375024
Garukhan's Flight,151.71,303420,364104
The Utmost,151.26,302520,363024
Tukohama's Fortress,147.29,294580,353496
Wine of the Prophet,139.53,279060,334872
Starcaller,139.53,279060,334872
Legacy of the Rose,139.53,279060,334872
Entropic Devastation,134.79,269580,323496
Festering Resentment,130.43,260860,313032
Cloak of Tawm'r Isley,127.05,254100,304920
Wing of the Wyvern,122.94,245880,295056
The Golden Charlatan,119.36,238720,286464
Hand of Heresy,116.86,233720,280464
Eclipse Solaris,116.27,232540,279048
Arakaali's Fang,116.27,232540,279048
Martyr of Innocence,112.89,225780,270936
Song of the Sirens,111.95,223900,268680
Zerphi's Last Breath,106.41,212820,255384
Replica Alberon's Warpath,103.31,206620,247944
Binds of Bloody Vengeance,100.8,201600,241920
Replica Maloney's Mechanism,91.79,183580,220296
Replica Trypanon,79.18,158360,190032
Gruthkul's Pelt,74.63,149260,179112
Dialla's Malefaction,72.46,144920,173904
Ralakesh's Impatience,70.35,140700,168840
Skyforth,69.77,139540,167448
Infused Beachhead,67.73,135460,162552
Wraithlord,66.31,132620,159144
Eyes of the Greatwolf,65.76,131520,157824
The Dark Seer,62.5,125000,150000
Ryslatha's Coil,62.5,125000,150000
The Vinktar Square,61.99,123980,148776
Enmity's Embrace,61.99,123980,148776
Bound By Destiny,60,120000,144000
Coiling Whisper,59.7,119400,143280
Shade of Solaris,58.91,117820,141384
Servant of Decay,58.43,116860,140232
Betrayal's Sting,58.43,116860,140232
Void Battery,56.73,113460,136152
Rigwald's Quills,56.73,113460,136152
The Brass Dome,56.73,113460,136152
Light of Lunaris,55.53,111060,133272
Sin's Rebirth,53.91,107820,129384
Soul Ripper,53.91,107820,129384
Seven-League Step,53.47,106940,128328
Warrior's Legacy,53.47,106940,128328
Astral Projector,53.47,106940,128328
Venarius' Astrolabe,53.47,106940,128328
The Arkhon's Tools,52.61,105220,126264
Replica Pillars of Arun,51.91,103820,124584
Whispers of Infinity,51.91,103820,124584
Aegis Aurora,50.4,100800,120960
The Tides of Time,50.4,100800,120960
Seven Teachings,50,100000,120000
Spinehail,49.34,98680,118416
Atziri's Splendour,48.93,97860,117432
Doryani's Machinarium,48.93,97860,117432
Shroud of the Lightless,47.51,95020,114024
The Dark Monarch,46.51,93020,111624
Voll's Devotion,46.12,92240,110688
Shavronne's Revelation,46.12,92240,110688
Windripper,46.12,92240,110688
Magna Eclipsis,46.12,92240,110688
Screams of the Desiccated,46.12,92240,110688
Doryani's Fist,44.78,89560,107472
Indigon,44.78,89560,107472
Farrul's Fur,44.78,89560,107472
Farrul's Chase,44.78,89560,107472
Rational Doctrine,43.84,87680,105216
Kaom's Heart,43.48,86960,104352
Rathpith Globe,43.48,86960,104352
Prism Guardian,43.48,86960,104352
Broken Faith,43.48,86960,104352
Cospri's Malice,43.48,86960,104352
Inpulsa's Broken Heart,43.48,86960,104352
Doryani's Delusion,43.48,86960,104352
The Queen's Hunger,43.48,86960,104352
Maloney's Mechanism,43.48,86960,104352
Brutal Restraint,43.48,86960,104352
Badge of the Brotherhood,43.48,86960,104352
The Immortal Will,43.48,86960,104352
Replica Kaom's Heart,43.48,86960,104352
Replica Red Trail,43.48,86960,104352
Viridi's Veil,43.48,86960,104352
Doppelgänger Guise,43.48,86960,104352
Grace of the Goddess,43.48,86960,104352
Thunderfist,42.21,84420,101304
Steppan Eard,42.21,84420,101304
Heretic's Veil,42.21,84420,101304
Machina Mitts,42.21,84420,101304
Sporeguard,42.21,84420,101304
Doryani's Prototype,42.21,84420,101304
Progenesis,41.32,82640,99168
Paradoxica,40.98,81960,98352
The Yielding Mortality,40.98,81960,98352
Replica Paradoxica,40.98,81960,98352
Replica Allure,40.98,81960,98352
Rigwald's Hunt,40.98,81960,98352
Hyrri's Ire,39.79,79580,95496
Doedre's Skin,39.79,79580,95496
The Eternity Shroud,39.79,79580,95496
Replica Perfect Form,39.79,79580,95496
Replica Hyrri's Ire,39.79,79580,95496
The Surrender,38.63,77260,92712
Disintegrator,38.63,77260,92712
Loreweave,38.63,77260,92712
Replica Loreweave,38.63,77260,92712
Yaomac's Accord,38.63,77260,92712
Replica Stampede,37.5,75000,90000
The Devourer of Minds,37.5,75000,90000
Shavronne's Wrappings,36.41,72820,87384
Darkscorn,36.41,72820,87384
Kintsugi,36.41,72820,87384
Arborix,36.41,72820,87384
Apep's Supremacy,36.41,72820,87384
The Surging Thoughts,36.41,72820,87384
The Admiral,36.41,72820,87384
Replica Cold Iron Point,36.41,72820,87384
Replica Tulfall,36.41,72820,87384
Abberath's Hooves,34.61,69220,83064
Mjölner,34.32,68640,82368
Replica Abyssus,34.32,68640,82368
Replica Mistwall,34.32,68640,82368
The Iron Fortress,33.32,66640,79968
Farrul's Pounce,33.32,66640,79968
Fleshcrafter,33.32,66640,79968
Gravebind,33.32,66640,79968
Kaom's Primacy,32.35,64700,77640
Crown of the Tyrant,32.35,64700,77640
Crest of Desire,32.35,64700,77640
The Sands of Time,32.35,64700,77640
Lost Unity,31.67,63340,76008
Farrul's Bite,31.41,62820,75384
Offering to the Serpent,31.41,62820,75384
Oriath's End,30.75,61500,73800
Garb of the Ephemeral,30.49,60980,73176
Maata's Teaching,30.49,60980,73176
Corpsewalker,29.6,59200,71040
The Fourth Vow,29.6,59200,71040
The Bandit Lord's Band,29.6,59200,71040
The Devouring Diadem,28.74,57480,68976
Qotra's Regulator,28.74,57480,68976
Atziri's Reflection,28.74,57480,68976
Sandstorm Visage,28.74,57480,68976
The Tempest Rising,28.74,57480,68976
Utula's Hunger,27.91,55820,66984
The Celestial Brace,27.91,55820,66984
Cloak of Defiance,27.09,54180,65016
Zerphi's Heart,26.52,53040,63648
Svalinn,26.3,52600,63120
Taste of Hate,25.54,51080,61296
Inspired Learning,25.54,51080,61296
Replica Frostbreath,25.54,51080,61296
Hand of the Lords,25.54,51080,61296
The Covenant,24.79,49580,59496
Anathema,24.79,49580,59496
Replica Covenant,24.79,49580,59496
Winds of Change,23.37,46740,56088
Death Rush,22.69,45380,54456
Emperor's Vigilance,22.69,45380,54456
Mahuxotl's Machination,22.69,45380,54456
The Pariah,22.03,44060,52872
Abhorrent Interrogation,22.03,44060,52872
The Tempest's Liberation,22.03,44060,52872
The Red Nightmare,21.92,43840,52608
The Green Nightmare,21.92,43840,52608
The Blue Nightmare,21.92,43840,52608
Perfidy,21.92,43840,52608
Ravenous Passion,21.39,42780,51336
Altered Distant Memory,21.28,42560,51072
Augmented Distant Memory,21.28,42560,51072
Twisted Distant Memory,21.28,42560,51072
Rewritten Distant Memory,21.28,42560,51072
Cortex,21.28,42560,51072
Mystic Refractor,21.22,42440,50928
Hand of the Fervent,20.76,41520,49824
Impresence,20.66,41320,49584
Assailum,20.66,41320,49584
Tecrod's Gaze,20.66,41320,49584
Ulaman's Gaze,20.66,41320,49584
Kurgal's Gaze,20.66,41320,49584
Amanamu's Gaze,20.66,41320,49584
Mark of the Elder,19.48,38960,46752
Mark of the Shaper,19.48,38960,46752
Polaric Devastation,19.48,38960,46752
The Unseen Hue,19.48,38960,46752
Woespike,19.48,38960,46752
Refuge in Isolation,19.48,38960,46752
Replica Soul Strike,19,38000,45600
Replica Midnight Bargain,19,38000,45600
Brain Rattler,18.91,37820,45384
Razor of the Seventh Sun,18.91,37820,45384
Snakepit,18.91,37820,45384
The Scourge,18.91,37820,45384
Memory Vault,18.91,37820,45384
Grelwood Shank,18.91,37820,45384
Beltimber Blade,18.91,37820,45384
Vulconus,18.91,37820,45384
Augyre,18.91,37820,45384
Gloomfang,18.91,37820,45384
The Twilight Temple,18.36,36720,44064
The Gull,17.91,35820,42984
Blackflame,17.91,35820,42984
Maligaro's Virtuosity,17.82,35640,42768
Asenath's Gentle Touch,17.82,35640,42768
Perandus Signet,17.82,35640,42768
Hidden Potential,17.82,35640,42768
Nebuloch,17.82,35640,42768
Hopeshredder,17.82,35640,42768
Shimmeron,17.82,35640,42768
Beacon of Madness,17.82,35640,42768
Sunblast,17.39,34780,41736
Doon Cuebiyari,17.3,34600,41520
Death's Door,17.3,34600,41520
Bonemeld,17.3,34600,41520
Auxium,16.8,33600,40320
Flamesight,16.8,33600,40320
Galesight,16.8,33600,40320
Thundersight,16.8,33600,40320
The Ivory Tower,16.8,33600,40320
Leash of Oblation,16.8,33600,40320
Mistwall,16.8,33600,40320
Maw of Mischief,16.8,33600,40320
The Burden of Truth,16.8,33600,40320
The Hallowed Monarch,16.8,33600,40320
The Apostate,16.39,32780,39336
Shadowstitch,16.31,32620,39144
Hegemony's Era,15.84,31680,38016
Replica Restless Ward,15.84,31680,38016
The Grey Wind,15.45,30900,37080
Lioneye's Remorse,15.37,30740,36888
Incandescent Heart,15.37,30740,36888
Rumi's Concoction,15.37,30740,36888
The Hungry Loop,15.37,30740,36888
Chains of Command,15.37,30740,36888
Black Zenith,15.37,30740,36888
Skysunder,15.37,30740,36888
Fleshrender,15.37,30740,36888
Crown of Eyes,14.93,29860,35832
Ylfeban's Trickery,14.93,29860,35832
Voidwalker,14.93,29860,35832
Bubonic Trail,14.93,29860,35832
Craiceann's Pincers,14.93,29860,35832
Usurper's Penance,14.93,29860,35832
Replica Voidwalker,14.93,29860,35832
Vorana's March,14.93,29860,35832
Kaom's Spirit,14.93,29860,35832
Squirming Terror,14.69,29380,35256
The Shattered Divinity,14.56,29120,34944
Mon'tregul's Grasp,14.49,28980,34776
Pledge of Hands,14.49,28980,34776
Kaom's Roots,14.49,28980,34776
Voll's Vision,14.49,28980,34776
Malachai's Vision,14.49,28980,34776
Cospri's Will,14.49,28980,34776
Tinkerskin,14.49,28980,34776
The Unshattered Will,14.49,28980,34776
Invictus Solaris,14.49,28980,34776
Cyclopean Coil,14.49,28980,34776
Blasphemer's Grasp,14.49,28980,34776
The Grey Spire,14.49,28980,34776
Bitterbind Point,14.49,28980,34776
Nebulis,14.49,28980,34776
Glorious Vanity,14.49,28980,34776
Lethal Pride,14.49,28980,34776
Militant Faith,14.49,28980,34776
Elegant Hubris,14.49,28980,34776
Atziri's Rule,14.49,28980,34776
Cadigan's Crown,14.49,28980,34776
Howlcrack,14.49,28980,34776
The Taming,14.14,28280,33936
Circle of Ambition,14.14,28280,33936
The Bringer of Rain,14.07,28140,33768
Replica Oro's Sacrifice,14.07,28140,33768
Dawnbreaker,14.07,28140,33768
Dreamfeather,13.66,27320,32784
Repentance,13.66,27320,32784
Shaper's Touch,13.66,27320,32784
The Enmity Divine,13.66,27320,32784
Vix Lunaris,13.66,27320,32784
Voidfletcher,13.66,27320,32784
Hands of the High Templar,13.66,27320,32784
Font of Thunder,13.66,27320,32784
Replica Dreamfeather,13.66,27320,32784
The Goddess Scorned,13.33,26660,31992
Rime Gaze,13.26,26520,31824
Infernal Mantle,13.26,26520,31824
Ming's Heart,13.26,26520,31824
Jack, the Axe,13.26,26520,31824
Doomsower,13.26,26520,31824
Scold's Bridle,13.26,26520,31824
Skin of the Lords,13.26,26520,31824
Saqawal's Nest,13.26,26520,31824
Fenumus' Shroud,13.26,26520,31824
Hale Negator,13.26,26520,31824
Echoes of Creation,13.26,26520,31824
Bottled Faith,12.94,25880,31056
Replica Rumi's Concoction,12.94,25880,31056
Olroth's Resolve,12.94,25880,31056
Taryn's Shiver,12.88,25760,30912
Alpha's Howl,12.88,25760,30912
Rebuke of the Vaal,12.88,25760,30912
Hezmana's Bloodlust,12.88,25760,30912
Reach of the Council,12.88,25760,30912
The Anticipation,12.88,25760,30912
Replica Alpha's Howl,12.88,25760,30912
Cowards' Wail,12.88,25760,30912
Daresso's Defiance,12.5,25000,30000
Atziri's Acuity,12.5,25000,30000
Fenumus' Spinnerets,12.5,25000,30000
Crown of the Inward Eye,12.5,25000,30000
Astramentis,12.2,24400,29280
Presence of Chayula,12.2,24400,29280
Aul's Uprising,12.2,24400,29280
Solstice Vigil,12.2,24400,29280
Leadership's Price,12.2,24400,29280
Crystallised Omniscience,12.2,24400,29280
Ashes of the Stars,12.2,24400,29280
Stormfire,12.17,24340,29208
The Searing Touch,12.14,24280,29136
Carcass Jack,12.14,24280,29136
Death's Oath,12.14,24280,29136
The Vertex,12.14,24280,29136
Yriel's Fostering,12.14,24280,29136
The Rippling Thoughts,12.14,24280,29136
Perepiteia,12.14,24280,29136
Fractal Thoughts,12.14,24280,29136
Cold Iron Point,12.14,24280,29136
Law of the Wilds,12.14,24280,29136
Blunderbore,12.14,24280,29136
Replica Wings of Entropy,12.14,24280,29136
Glimpse of Chaos,12.14,24280,29136
Dawnstrider,12.14,24280,29136
Cadigan's Authority,12.14,24280,29136
Bitter Instinct,12.14,24280,29136
Rigwald's Savagery,11.82,23640,28368
Rigwald's Command,11.82,23640,28368
Slivertongue,11.82,23640,28368
Obscurantis,11.82,23640,28368
Inya's Epiphany,11.78,23560,28272
Replica Inya's Epiphany,11.78,23560,28272
The Living Blade,11.78,23560,28272
Abyssus,11.44,22880,27456
Lightning Coil,11.44,22880,27456
Null's Inclination,11.44,22880,27456
Dyadian Dawn,11.44,22880,27456
Rigwald's Curse,11.44,22880,27456
Grip of the Council,11.44,22880,27456
Saqawal's Flock,11.44,22880,27456
The Iron Mass,11.44,22880,27456
The Hidden Blade,11.44,22880,27456
The Fulcrum,11.44,22880,27456
Replica Grip of the Council,11.44,22880,27456
Cameria's Avarice,11.44,22880,27456
The Battle Within,11.44,22880,27456
Contract: The Twins,11.29,22580,27096
The Second Sacrament,11.29,22580,27096
The Original Scripture,11.29,22580,27096
Algor Mortis,11.14,22280,26736
Saffell's Frame,11.11,22220,26664
Queen of the Forest,11.11,22220,26664
Saqawal's Talons,11.11,22220,26664
Breathstealer,11.11,22220,26664
Expedition's End,11.11,22220,26664
Wilma's Requital,11.11,22220,26664
Gamblesprint,11.11,22220,26664
First Piece of Focus,10.96,21920,26304
Second Piece of Focus,10.96,21920,26304
Third Piece of Focus,10.96,21920,26304
Fourth Piece of Focus,10.96,21920,26304
First Piece of Storms,10.96,21920,26304
Second Piece of Storms,10.96,21920,26304
Third Piece of Storms,10.96,21920,26304
Contract: Death to Darnaw,10.96,21920,26304
The First Crest,10.96,21920,26304
Unyielding Flame,10.82,21640,25968
Craiceann's Chitin,10.78,21560,25872
Mask of the Stitched Demon,10.78,21560,25872
Storm's Gift,10.78,21560,25872
Mask of the Tribunal,10.78,21560,25872
Contract: Jamanra's Rest,10.64,21280,25536
Contract: Heart of Glory,10.64,21280,25536
The Magnate,10.52,21040,25248
Lioneye's Fall,10.52,21040,25248
Intuitive Leap,10.52,21040,25248
Dead Reckoning,10.52,21040,25248
Emperor's Cunning,10.52,21040,25248
Emperor's Wit,10.52,21040,25248
Emperor's Might,10.52,21040,25248
Grand Spectrum,10.52,21040,25248
Unending Hunger,10.52,21040,25248
Pure Talent,10.52,21040,25248
Might of the Meek,10.52,21040,25248
Transcendent Flesh,10.52,21040,25248
Transcendent Spirit,10.52,21040,25248
Transcendent Mind,10.52,21040,25248
Unnatural Instinct,10.52,21040,25248
The Torrent's Reclamation,10.52,21040,25248
Replica Soul Tether,10.52,21040,25248
Replica Ungil's Gauche,10.52,21040,25248
Replica Primordial Might,10.52,21040,25248
Melding of the Flesh,10.52,21040,25248
Dissolution of the Flesh,10.52,21040,25248
Immutable Force,10.52,21040,25248
Stormshroud,10.52,21040,25248
Firesong,10.52,21040,25248
Witchbane,10.52,21040,25248
The Balance of Terror,10.52,21040,25248
Ancestral Vision,10.52,21040,25248
Bloodnotch,10.52,21040,25248
Warrior's Tale,10.52,21040,25248
The Adorned,10.52,21040,25248
Replica Badge of the Brotherhood,10.52,21040,25248
Haunting Memories,10.52,21040,25248
Perseverance,10.5,21000,25200
The Black Cane,10.5,21000,25200
Willowgift,10.5,21000,25200
Eye of Malice,10.5,21000,25200
Ancient Skull,10.5,21000,25200
Mind of the Council,10.47,20940,25128
The Crimson Storm,10.47,20940,25128
Kaom's Binding,10.47,20940,25128
Contract: Breaking the Unbreakable,10.33,20660,24792
Contract: The Slaver King,10.33,20660,24792
The Angel of Vengeance,10.33,20660,24792
The Narcissist,10.33,20660,24792
The Epiphany,10.33,20660,24792
The Depraved,10.33,20660,24792
The Twisted Trinity,10.33,20660,24792
The Raging Inferno,10.33,20660,24792
The Unbridled Tempest,10.33,20660,24792
Insomnia,10.33,20660,24792
The Chains of Castigation,10.33,20660,24792
The Power and the Promise,10.33,20660,24792
The Rat Cage,10.16,20320,24384
Craiceann's Carapace,10.16,20320,24384
Fate of the Vaal,10.16,20320,24384
Replica Dragonfang's Flight,10.16,20320,24384
Vessel of Vinktar,9.92,19840,23808
Dying Sun,9.92,19840,23808
Lioneye's Vision,9.9,19800,23760
The Bane of Hope,9.9,19800,23760
The Flame of Hope,9.9,19800,23760
Brinerot Mark,9.87,19740,23688
Redblade Band,9.87,19740,23688
Mutewind Seal,9.87,19740,23688
Ngamahu's Flame,9.87,19740,23688
Omeyocan,9.87,19740,23688
Tavukai,9.87,19740,23688
Replica Three-step Assault,9.87,19740,23688
Temptation Step,9.87,19740,23688
The Broken Elegy,9.87,19740,23688
Great Old One's Tentacles,9.61,19220,23064
Ceaseless Feast,9.61,19220,23064
Inextricable Fate,9.61,19220,23064
Chitus' Apex,9.58,19160,22992
Daresso's Courage,9.58,19160,22992
Craiceann's Tracks,9.58,19160,22992
Fenumus' Toxins,9.58,19160,22992
Wraeclast Pantheon,9.45,18900,22680
The Perandus Manor,9.45,18900,22680
Eye of Innocence,9.45,18900,22680
First Piece of Brutality,9.45,18900,22680
Second Piece of Brutality,9.45,18900,22680
Third Piece of Brutality,9.45,18900,22680
First Piece of Directions,9.45,18900,22680
Second Piece of Directions,9.45,18900,22680
Third Piece of Directions,9.45,18900,22680
Leper's Alms,9.45,18900,22680
Atziri's Foible,9.35,18700,22440
Ahkeli's Meadow,9.35,18700,22440
Replica Emberwake,9.35,18700,22440
Dyadus,9.33,18660,22392
Atziri's Step,9.33,18660,22392
Cherrubim's Maleficence,9.33,18660,22392
Eber's Unification,9.33,18660,22392
Medved's Challenge,9.33,18660,22392
The Desecrated Chalice,9.33,18660,22392
The Sacred Chalice,9.33,18660,22392
Rainbowstride,9.3,18600,22320
Apep's Rage,9.3,18600,22320
Lightpoacher,9.3,18600,22320
Forbidden Shako,9.3,18600,22320
Replica Infractem,9.3,18600,22320
The Putrid Cloister,9.18,18360,22032
The Beast Fur Shawl,9.06,18120,21744
Touch of Anguish,9.06,18120,21744
Ahn's Contempt,9.06,18120,21744
Ahn's Might,9.06,18120,21744
Azadi Crest,9.06,18120,21744
Scornflux,9.06,18120,21744
Gorgon's Gaze,9.03,18060,21672
Profane Proxy,9.03,18060,21672
Witchhunter's Judgment,9.03,18060,21672
Akoya's Gaze,9.03,18060,21672
Ynda's Stand,9.03,18060,21672
Grasping Nightshade,9.03,18060,21672
Death and Taxes,8.91,17820,21384
The Ephemeral Bond,8.91,17820,21384
The Gilded Chalice,8.91,17820,21384
The Broken Censer,8.91,17820,21384
Kongor's Undying Rage,8.79,17580,21096
Ahn's Heritage,8.79,17580,21096
Saqawal's Winds,8.77,17540,21048
Legacy of Fury,8.77,17540,21048
Devoto's Devotion,8.65,17300,20760
Olmec's Sanctum,8.65,17300,20760
Bloodgrip,8.65,17300,20760
Pillars of Arun,8.65,17300,20760
Agnerod East,8.54,17080,20496
Agnerod North,8.54,17080,20496
Agnerod South,8.54,17080,20496
Agnerod West,8.54,17080,20496
Breath of the Council,8.54,17080,20496
The Poised Prism,8.54,17080,20496
Andvarius,8.51,17020,20424
Rain of Splinters,8.51,17020,20424
Star of Wraeclast,8.51,17020,20424
Fenumus' Weave,8.51,17020,20424
Replica Victario's Charity,8.51,17020,20424
Replica Heartbreaker,8.51,17020,20424
Replica Lavianga's Spirit,8.51,17020,20424
Worldcarver,8.4,16800,20160
Painseeker,8.4,16800,20160
The Poet's Pen,8.31,16620,19944
Putembo's Mountain,8.31,16620,19944
Rise of the Phoenix,8.29,16580,19896
Darkray Vectors,8.29,16580,19896
Vis Mortis,8.29,16580,19896
Ventor's Gamble,8.29,16580,19896
Malachai's Loop,8.29,16580,19896
Cane of Kulemak,8.26,16520,19824
The Scales of Justice,8.26,16520,19824
Bound Fate,8.26,16520,19824
Oba's Cursed Trove,8.16,16320,19584
Death's Hand,8.16,16320,19584
Caer Blaidd, Wolfpack's Den,8.16,16320,19584
The Beachhead,8.16,16320,19584
Doryani's Catalyst,8.05,16100,19320
Soul Strike,8.05,16100,19320
Geofri's Sanctuary,8.05,16100,19320
Hyrri's Truth,8.05,16100,19320
Rashkaldor's Patience,8.02,16040,19248
Witchfire Brew,8.02,16040,19248
Soul Tether,8.02,16040,19248
Maw of Conquest,8.02,16040,19248
The Jinxed Juju,8.02,16040,19248
Kaom's Command,8.02,16040,19248
Poorjoy's Asylum,7.92,15840,19008
BlackGuardz,7.92,15840,19008
Cagan's Map,7.92,15840,19008
Whakawairua Tuahu,7.92,15840,19008
The Restless Ward,7.92,15840,19008
Hallowed Ground,7.92,15840,19008
Replica Siegebreaker,7.83,15660,18792
Speaker's Wreath,7.81,15620,18744
The Stampede,7.81,15620,18744
Actum,7.81,15620,18744
Cerberus Limb,7.79,15580,18696
Replica Kalisa's Grace,7.79,15580,18696
Replica Innsbury Edge,7.79,15580,18696
Jaws of Agony,7.69,15380,18456
Pitch Darkness,7.69,15380,18456
Rive,7.69,15380,18456
Mercenary's Lot,7.69,15380,18456
The Oppressor,7.69,15380,18456
Hyaon's Fury,7.59,15180,18216
Singularity,7.59,15180,18216
Apep's Slumber,7.59,15180,18216
Belly of the Beast,7.56,15120,18144
Redblade Tramplers,7.56,15120,18144
Acton's Nightmare,7.46,14920,17904
Convent of the Twins' Flame,7.46,14920,17904
Hall of Grandmasters,7.46,14920,17904
Veruso's Battering Rams,7.46,14920,17904
Asenath's Mark,7.38,14760,17712
Uzaza's Valley,7.38,14760,17712
Scorpion's Call,7.36,14720,17664
Tawhoa's Felling,7.36,14720,17664
Soulthirst,7.34,14680,17616
The Tempest's Binding,7.34,14680,17616
Slavedriver's Hand,7.34,14680,17616
Vivinsect,7.34,14680,17616
Replica Malachai's Artifice,7.34,14680,17616
Replica Voideye,7.34,14680,17616
Rotblood Promise,7.34,14680,17616
Triumvirate Authority,7.34,14680,17616
Vaults of Atziri,7.25,14500,17400
Mao Kun,7.25,14500,17400
Izaro's Dilemma,7.25,14500,17400
Nuro's Harp,7.25,14500,17400
The Torturer,7.25,14500,17400
The Hateful Accuser,7.25,14500,17400
The Selfish Shepherd,7.25,14500,17400
The Queller of Minds,7.25,14500,17400
Xoph's Blood,7.16,14320,17184
The Pandemonius,7.16,14320,17184
Choir of the Storm,7.16,14320,17184
Replica Hyrri's Truth,7.16,14320,17184
Starkonja's Head,7.15,14300,17160
Romira's Banquet,7.15,14300,17160
The Writhing Jar,7.15,14300,17160
Scaeva,7.15,14300,17160
Cane of Unravelling,7.15,14300,17160
Soulwrest,7.15,14300,17160
Cowl of the Thermophile,7.15,14300,17160
Cowl of the Cryophile,7.15,14300,17160
The Blood Dance,7.13,14260,17112
Hinekora's Sight,7.13,14260,17112
Replica Hinekora's Sight,7.13,14260,17112
Maelström of Chaos,7.03,14060,16872
Robbie's Rotten Mace,7.03,14060,16872
Carl's Crusher,7.03,14060,16872
Oro's Sacrifice,7.03,14060,16872
Surgebinders,7.03,14060,16872
Spiritskin,7.03,14060,16872
Waycarver,7.03,14060,16872
The Infested,7.03,14060,16872
The Formless Inferno,6.96,13920,16704
The Perfect Form,6.96,13920,16704
Piscator's Vigil,6.94,13880,16656
The Dancing Dervish,6.94,13880,16656
Hiltless,6.94,13880,16656
Dendrobate,6.94,13880,16656
Cowl of the Ceraunophile,6.94,13880,16656
Haemophilia,6.92,13840,16608
Volkuur's Guidance,6.92,13840,16608
Replica Volkuur's Guidance,6.92,13840,16608
Callinellus Malleus,6.83,13660,16392
The Goddess Unleashed,6.83,13660,16392
Allure,6.83,13660,16392
Debeon's Dirge,6.83,13660,16392
White Wind,6.83,13660,16392
Uul-Netol's Embrace,6.76,13520,16224
Snakebite,6.74,13480,16176
Ichimonji,6.74,13480,16176
Mask of the Spirit Drinker,6.74,13480,16176
The Ghastly Theatre,6.74,13480,16176
The Gluttonous Tide,6.74,13480,16176
Mutewind Pennant,6.72,13440,16128
Mutewind Whispersteps,6.72,13440,16128
Tainted Pact,6.72,13440,16128
Null and Void,6.54,13080,15696
Kiloava's Bluster,6.54,13080,15696
The Supreme Truth,6.52,13040,15648
Nycta's Lantern,6.52,13040,15648
Tremor Rod,6.52,13040,15648
Brinerot Whalers,6.52,13040,15648
Allelopathy,6.52,13040,15648
Replica Allelopathy,6.52,13040,15648
Mark of the Doubting Knight,6.44,12880,15456
The Rack,6.44,12880,15456
Esh's Visage,6.37,12740,15288
Replica Atziri's Foible,6.37,12740,15288
Greed's Embrace,6.35,12700,15240
Story of the Vaal,6.35,12700,15240
Storm Secret,6.35,12700,15240
Ahuana's Bite,6.35,12700,15240
Marylene's Fallacy,6.33,12660,15192
Call of the Brotherhood,6.33,12660,15192
Emberwake,6.33,12660,15192
Trypanon,6.33,12660,15192
Voice of the Storm,6.33,12660,15192
Fury Valve,6.33,12660,15192
Mother's Embrace,6.33,12660,15192
Blood Price,6.33,12660,15192
Thousand Teeth Temu,6.25,12500,15000
The Broken Crown,6.25,12500,15000
Prospero's Protection,6.25,12500,15000
The Retch,6.18,12360,14832
Voidbringer,6.17,12340,14808
Dance of the Offered,6.17,12340,14808
Admiral's Arrogance,6.15,12300,14760
The Caged Mammoth,6.15,12300,14760
Sin Trek,6.07,12140,14568
Chin Sol,6.07,12140,14568
Wings of Entropy,6.07,12140,14568
Santoni's Faith,6.07,12140,14568
Fairgraves' Bearing,6.07,12140,14568
Borrowed Power,6.07,12140,14568
Bloodletter,6.07,12140,14568
Rumblemarch,6.07,12140,14568
Sinvicta's Mettle,6.07,12140,14568
The Basilisk,6.07,12140,14568
Emperor's Mastery,6,12000,14400
The Anima Stone,6,12000,14400
Voices,6,12000,14400
Sublime Vision,6,12000,14400
Voidhome,5.99,11980,14376
Pyroshock Clasp,5.99,11980,14376
Circle of Nostalgia,5.97,11940,14328
Chernobog's Pillar,5.89,11780,14136
Kingsguard,5.89,11780,14136
Kondo's Pride,5.89,11780,14136
Geofri's Crest,5.81,11620,13944
Bronn's Lithe,5.81,11620,13944
The Consuming Dark,5.81,11620,13944
The Coming Calamity,5.81,11620,13944
Serle's Masterwork,5.81,11620,13944
Command of the Pit,5.8,11600,13920
Replica Harvest,5.8,11600,13920
The Coward's Trial,5.72,11440,13728
Untainted Paradise,5.72,11440,13728
Cameria's Maul,5.72,11440,13728
Malicious Intent,5.72,11440,13728
Balefire,5.72,11440,13728
The Wasp Nest,5.72,11440,13728
Taproot,5.72,11440,13728
The Druggery,5.72,11440,13728
Goblinedge,5.72,11440,13728
The Benefactor,5.72,11440,13728
The Redblade,5.72,11440,13728
Victario's Influence,5.64,11280,13536
Crown of the Pale King,5.64,11280,13536
Oskarm,5.64,11280,13536
Khatal's Geyser,5.64,11280,13536
Khatal's Weeping,5.64,11280,13536
Aurseize,5.63,11260,13512
Tombfist,5.63,11260,13512
Vixen's Entrapment,5.63,11260,13512
Moonsorrow,5.55,11100,13320
Obliteration,5.55,11100,13320
Farsight,5.55,11100,13320
Replica Soul Taker,5.55,11100,13320
The Dancing Duo,5.55,11100,13320
The Fledgling,5.48,10960,13152
Voll's Protector,5.46,10920,13104
Meginord's Vise,5.46,10920,13104
Lion's Roar,5.46,10920,13104
Redblade Banner,5.46,10920,13104
Xoph's Heart,5.46,10920,13104
The Halcyon,5.46,10920,13104
Replica Earendel's Embrace,5.46,10920,13104
Leviathan Ivory,5.39,10780,12936
Rory's Revengance,5.39,10780,12936
Mark2's Mastery,5.39,10780,12936
Gang's Momentum,5.39,10780,12936
Femurs of the Saints,5.39,10780,12936
Lawbreaker,5.39,10780,12936
March of the Legion,5.39,10780,12936
Sign of the Sin Eater,5.39,10780,12936
Rotting Legion,5.39,10780,12936
The Hollow-Eyed Skull,5.39,10780,12936
The Ancient Angler,5.39,10780,12936
The Burden of Shadows,5.39,10780,12936
Blood of the Karui,5.32,10640,12768
Lavianga's Spirit,5.32,10640,12768
Warped Timepiece,5.32,10640,12768
Heartbound Loop,5.32,10640,12768
Frostbreath,5.32,10640,12768
Darkness Enthroned,5.32,10640,12768
Perquil's Toe,5.32,10640,12768
Nametaker,5.32,10640,12768
Soul Mantle,5.17,10340,12408
Alberon's Warpath,5.17,10340,12408
Sire of Shards,5.17,10340,12408
Wyrmsign,5.17,10340,12408
Venopuncture,5.17,10340,12408
Icefang Orbit,5.17,10340,12408
Shattershard,5.17,10340,12408
Steelworm,5.17,10340,12408
Tanu Ahi,5.17,10340,12408
Bloodsoaked Medallion,5.17,10340,12408
Windscream,5.15,10300,12360
Deidbell,5.15,10300,12360
The Whispering Ice,5.15,10300,12360
Prospero's Vault,5.08,10160,12192
Gluttony,5.01,10020,12024
Nightgrip,5.01,10020,12024
Olroth's Charge,5.01,10020,12024
Sudden Dawn,5.01,10020,12024
Death's Harp,5,10000,12000
Bitterdream,5,10000,12000
Replica Iron Commander,5,10000,12000
The Hand of Phrecia,5,10000,12000
Wildfire Phloem,5,10000,12000
Hrimnor's Resolve,4.93,9860,11832
Rat's Nest,4.93,9860,11832
Maloney's Nightfall,4.93,9860,11832
Three-step Assault,4.93,9860,11832
The Ascetic,4.93,9860,11832
The Highwayman,4.93,9860,11832
Innsbury Edge,4.87,9740,11688
The Fracturing Spinner,4.85,9700,11640
Atziri's Mirror,4.79,9580,11496
The Arbiter,4.79,9580,11496
Great Old One's Ward,4.73,9460,11352
Replica Advancing Fortress,4.73,9460,11352
Kahuturoa's Certainty,4.73,9460,11352
Divination Distillate,4.71,9420,11304
Umbilicus Immortalis,4.71,9420,11304
Xirgil's Crank,4.71,9420,11304
Bisco's Collar,4.71,9420,11304
Bisco's Leash,4.71,9420,11304
Replica Lioneye's Paws,4.71,9420,11304
Relic of the Pact,4.71,9420,11304
Wellwater Phylactery,4.71,9420,11304
Infractem,4.65,9300,11160
Felltooth,4.65,9300,11160
Prismatic Eclipse,4.65,9300,11160
Empire's Grasp,4.65,9300,11160
Disjunction,4.65,9300,11160
Replica Forbidden Shako,4.65,9300,11160
Geofri's Legacy,4.65,9300,11160
Voideye,4.59,9180,11016
Forbidden Taste,4.59,9180,11016
Malachai's Artifice,4.59,9180,11016
Kongming's Stratagem,4.59,9180,11016
Essence Worm,4.59,9180,11016
Architect's Hand,4.59,9180,11016
The Annihilating Light,4.59,9180,11016
Stormseeker,4.59,9180,11016
The Geomantic Gyre,4.52,9040,10848
Maligaro's Restraint,4.46,8920,10704
Jorrhast's Blacksteel,4.46,8920,10704
Natural Hierarchy,4.46,8920,10704
Ascent From Flesh,4.46,8920,10704
Kitava's Thirst,4.46,8920,10704
Soulbound,4.46,8920,10704
Doomfletch,4.44,8880,10656
Brutus' Lead Sprinkler,4.44,8880,10656
Terminus Est,4.38,8760,10512
Black Sun Crest,4.38,8760,10512
Southbound,4.38,8760,10512
Ambu's Charge,4.33,8660,10392
Replica Ambu's Charge,4.33,8660,10392
Vaal Caress,4.31,8620,10344
Cinderswallow Urn,4.31,8620,10344
Replica Sorrow of the Divine,4.31,8620,10344
Starlight Chalice,4.31,8620,10344
Elixir of the Unbroken Circle,4.31,8620,10344
Replica Witchfire Brew,4.31,8620,10344
Heartbreaker,4.26,8520,10224
Immortal Flesh,4.26,8520,10224
Mantra of Flames,4.26,8520,10224
Victario's Charity,4.26,8520,10224
The Embalmer,4.26,8520,10224
Zeel's Amplifier,4.13,8260,9912
The Eternal Apple,4.13,8260,9912
Pragmatism,4.13,8260,9912
Demon Stitcher,4.08,8160,9792
Eye of Chayula,4.07,8140,9768
The Eternal Struggle,4.07,8140,9768
Midnight Bargain,3.96,7920,9504
Ceinture of Benevolence,3.96,7920,9504
The Will of Tul,3.96,7920,9504
The Will of Xoph,3.96,7920,9504
The Will of Esh,3.96,7920,9504
The Will of Uul-Netol,3.96,7920,9504
The Sundered Will,3.96,7920,9504
Dream Fragments,3.95,7900,9480
Reverberation Rod,3.95,7900,9480
Winterweave,3.95,7900,9480
Doedre's Tongue,3.95,7900,9480
Kalisa's Grace,3.9,7800,9360
Lightbane Raiment,3.9,7800,9360
Doedre's Scorn,3.84,7680,9216
Moonbender's Wing,3.84,7680,9216
The Flawed Refuge,3.84,7680,9216
Ungil's Harmony,3.83,7660,9192
Brinerot Flag,3.83,7660,9192
Ornament of the East,3.78,7560,9072
Advancing Fortress,3.78,7560,9072
Valako's Sign,3.73,7460,8952
Replica Bones of Ullr,3.72,7440,8928
The Blood Reaper,3.67,7340,8808
Deadman's Hand,3.67,7340,8808
Sibyl's Lament,3.67,7340,8808
The Anvil,3.67,7340,8808
Maligaro's Lens,3.67,7340,8808
Mark of Submission,3.67,7340,8808
The Signal Fire,3.67,7340,8808
Corona Solaris,3.67,7340,8808
The Harvest,3.62,7240,8688
Rigwald's Charge,3.56,7120,8544
Widowmaker,3.56,7120,8544
Siegebreaker,3.56,7120,8544
Tawhanuku's Timing,3.56,7120,8544
Heatshiver,3.51,7020,8424
Berek's Respite,3.51,7020,8424
To Dust,3.51,7020,8424
Fertile Mind,3.51,7020,8424
Fluid Motion,3.51,7020,8424
Fevered Mind,3.51,7020,8424
Efficient Training,3.51,7020,8424
Brute Force Solution,3.51,7020,8424
Careful Planning,3.51,7020,8424
Inertia,3.51,7020,8424
Atziri's Reign,3.51,7020,8424
Chill of Corruption,3.51,7020,8424
Self-Flagellation,3.51,7020,8424
Pacifism,3.51,7020,8424
Fragility,3.51,7020,8424
Powerlessness,3.51,7020,8424
Energised Armour,3.51,7020,8424
Energy From Within,3.51,7020,8424
Healthy Mind,3.51,7020,8424
Reckless Defence,3.51,7020,8424
Rigwald's Crest,3.51,7020,8424
Primordial Harmony,3.51,7020,8424
Primordial Might,3.51,7020,8424
Primordial Eminence,3.51,7020,8424
The Flow Untethered,3.51,7020,8424
The Golden Rule,3.51,7020,8424
Soul's Wick,3.51,7020,8424
Fortress Covenant,3.51,7020,8424
Quickening Covenant,3.51,7020,8424
Thread of Hope,3.51,7020,8424
Split Personality,3.51,7020,8424
Replica Tempestuous Steel,3.51,7020,8424
Replica Reckless Defence,3.51,7020,8424
Arn's Anguish,3.51,7020,8424
Olesya's Delight,3.51,7020,8424
Graven's Secret,3.51,7020,8424
Forbidden Flame,3.51,7020,8424
Forbidden Flesh,3.51,7020,8424
Impossible Escape,3.51,7020,8424
That Which Was Taken,3.51,7020,8424
Ixchel's Temptation,3.51,7020,8424
Replica Pacifism,3.51,7020,8424
Replica Fragility,3.51,7020,8424
Replica Powerlessness,3.51,7020,8424
Replica Heatshiver,3.51,7020,8424
Nevalius Inheritance,3.51,7020,8424
Daresso's Passion,3.46,6920,8304
El'Abin's Visage,3.46,6920,8304
Bloodbond,3.41,6820,8184
Wurm's Molt,3.36,6720,8064
Winterheart,3.36,6720,8064
Goldwyrm,3.32,6640,7968
The Primordial Chain,3.32,6640,7968
Plume of Pursuit,3.32,6640,7968
Veruso's Ambition,3.32,6640,7968
Cloak of Flame,3.31,6620,7944
Coruscating Elixir,3.31,6620,7944
Sap of the Seasons,3.31,6620,7944
Mightblood Ire,3.31,6620,7944
Clayshaper,3.26,6520,7824
Sentari's Answer,3.22,6440,7728
Chober Chaber,3.17,6340,7608
Selfless Leadership,3.17,6340,7608
Static Electricity,3.17,6340,7608
Might in All Forms,3.17,6340,7608
Rotgut,3.17,6340,7608
Chaber Cairn,3.17,6340,7608
The Aylardex,3.13,6260,7512
Iron Commander,3.13,6260,7512
United in Dream,3.13,6260,7512
Replica Bitterdream,3.13,6260,7512
The Monastery Bell,3.13,6260,7512
Ahkeli's Valley,3.12,6240,7488
Precursor's Emblem,3.12,6240,7488
Circle of Anguish,3.12,6240,7488
Icetomb,3.07,6140,7368
Crystal Vault,3.07,6140,7368
Orbala's Stand,3.07,6140,7368
Rearguard,3.03,6060,7272
Shadows and Dust,3.03,6060,7272
Demigod's Beacon,3.03,6060,7272
Aukuna's Will,3.03,6060,7272
Replica Winterheart,3.03,6060,7272
Valyrium,2.99,5980,7176
Escalation,2.99,5980,7176
Lioneye's Paws,2.95,5900,7080
Thief's Torment,2.95,5900,7080
Lori's Lantern,2.95,5900,7080
Replica Twyzel,2.95,5900,7080
Unlight Extant,2.95,5900,7080
Zahndethus' Cassock,2.9,5800,6960
Mindspiral,2.9,5800,6960
Cybil's Paw,2.9,5800,6960
Torchoak Step,2.9,5800,6960
Chalice of Horrors,2.86,5720,6864
Ngamahu's Sign,2.86,5720,6864
Skullhead,2.81,5620,6744
Skirmish,2.81,5620,6744
Gifts from Above,2.78,5560,6672
Replica Gifts from Above,2.78,5560,6672
Blightwell,2.78,5560,6672
Replica Leer Cast,2.78,5560,6672
Putembo's Meadow,2.77,5540,6648
Circle of Regret,2.77,5540,6648
The Three Dragons,2.73,5460,6552
Earendel's Embrace,2.73,5460,6552
Willclash,2.73,5460,6552
Meginord's Vigour,2.73,5460,6552
The Sorrow of the Divine,2.7,5400,6480
The Overflowing Chalice,2.7,5400,6480
Coralito's Signature,2.7,5400,6480
Soul Catcher,2.7,5400,6480
Vorana's Preparation,2.7,5400,6480
Lycosidae,2.69,5380,6456
Mortem Morsu,2.65,5300,6360
Ylfe Ban,2.65,5300,6360
Al Dhih,2.62,5240,6288
The Baron,2.62,5240,6288
Fairgraves' Tricorne,2.61,5220,6264
Hyperboreus,2.61,5220,6264
Survivor's Guilt,2.61,5220,6264
Reaper's Pursuit,2.58,5160,6192
Deidbellow,2.58,5160,6192
Windshriek,2.58,5160,6192
Drillneck,2.54,5080,6096
Timeclasp,2.54,5080,6096
Faithguard,2.54,5080,6096
Grattus Signet,2.54,5080,6096
Shavronne's Pace,2.5,5000,6000
Stillwater,2.5,5000,6000
Briskwrap,2.5,5000,6000
Flesh-Eater,2.5,5000,6000
Triad Grip,2.5,5000,6000
Shavronne's Gambit,2.5,5000,6000
Death's Opus,2.5,5000,6000
Le Heup of All,2.47,4940,5928
Pyre,2.46,4920,5904
The Wise Oak,2.46,4920,5904
Uzaza's Mountain,2.46,4920,5904
Circle of Fear,2.46,4920,5904
Replica Tasalio's Sign,2.46,4920,5904
Call of the Void,2.46,4920,5904
The Formless Flame,2.44,4880,5856
The Snowblind Grace,2.44,4880,5856
Ikiaho's Promise,2.43,4860,5832
Matua Tupuna,2.4,4800,5760
The Trickster's Smile,2.4,4800,5760
Blood of Corruption,2.39,4780,5736
Replica Karui Ward,2.39,4780,5736
Uul-Netol's Kiss,2.37,4740,5688
Mightflay,2.36,4720,5664
Titucius' Span,2.36,4720,5664
Twyzel,2.36,4720,5664
Eldritch Knowledge,2.36,4720,5664
Fortified Legion,2.36,4720,5664
Chitus' Needle,2.36,4720,5664
The Warden's Brand,2.36,4720,5664
Retaliation Charm,2.36,4720,5664
Elevore,2.36,4720,5664
Veil of the Night,2.33,4660,5592
Edge of Madness,2.33,4660,5592
Replica Veil of the Night,2.33,4660,5592
Relentless Fury,2.29,4580,5496
Thirst for Horrors,2.29,4580,5496
Fated End,2.25,4500,5400
Replica Doedre's Damning,2.25,4500,5400
Esh's Mirror,2.24,4480,5376
Wake of Destruction,2.22,4440,5328
Leer Cast,2.22,4440,5328
Death Rattle,2.22,4440,5328
Lakishu's Blade,2.22,4440,5328
The Stormheart,2.22,4440,5328
Viper's Scales,2.22,4440,5328
Doomfletch's Prism,2.22,4440,5328
The Stormwall,2.22,4440,5328
Meginord's Girdle,2.19,4380,5256
Berek's Pass,2.19,4380,5256
Berek's Grip,2.19,4380,5256
Kikazaru,2.19,4380,5256
Belt of the Deceiver,2.19,4380,5256
Tasalio's Sign,2.19,4380,5256
Spirit Guards,2.19,4380,5256
Maligaro's Cruelty,2.19,4380,5256
Tempered Flesh,2.19,4380,5256
Tempered Spirit,2.19,4380,5256
Tempered Mind,2.19,4380,5256
Combat Focus,2.19,4380,5256
Curtain Call,2.19,4380,5256
The Felbog Fang,2.19,4380,5256
Endless Misery,2.19,4380,5256
Apex Mode,2.19,4380,5256
Nadir Mode,2.19,4380,5256
Honoured Alliance,2.19,4380,5256
Geofri's Baptism,2.16,4320,5184
Sundance,2.16,4320,5184
Slitherpinch,2.16,4320,5184
Queen's Decree,2.16,4320,5184
Alkem Eira,2.16,4320,5184
Glitterdisc,2.16,4320,5184
Kiara's Determination,2.16,4320,5184
Sands of Shakari,2.16,4320,5184
Queen's Escape,2.16,4320,5184
Sunspite,2.16,4320,5184
Geofri's Devotion,2.16,4320,5184
Thousand Ribbons,2.12,4240,5088
Tabula Rasa,2.12,4240,5088
Vizaru's Folly,2.09,4180,5016
Ewar's Mirage,2.09,4180,5016
Mark of the Red Covenant,2.09,4180,5016
Atziri's Promise,2.07,4140,4968
Coward's Legacy,2.06,4120,4944
Circle of Guilt,2.06,4120,4944
Chains of Emancipation,2.06,4120,4944
Hand of Thought and Motion,2.04,4080,4896
The Infinite Pursuit,2.04,4080,4896
Carnage Heart,2.03,4060,4872
Foxshade,2.03,4060,4872
Mana Sponge,2.03,4060,4872
Prismweave,2.03,4060,4872
Duskwing,2.03,4060,4872
The Learning Stone,2.03,4060,4872
Timetwist,2.03,4060,4872
Fox's Fortune,2.03,4060,4872
Malachai's Simula,2.01,4020,4824
Ashrend,2.01,4020,4824
Solaris Lorica,2.01,4020,4824
Trolltimber Spire,2.01,4020,4824
Watcher's Eye,2,4000,4800
Kitava's Teachings,2,4000,4800
Calamitous Visions,2,4000,4800
Natural Affinity,2,4000,4800
The Interrogation,2,4000,4800
The Siege,2,4000,4800
The Front Line,2,4000,4800
One With Nothing,2,4000,4800
Megalomaniac,2,4000,4800
Widowhail,2,4000,4800
Pagan Geis,1.97,3940,4728
Storm Prison,1.97,3940,4728
Amplification Rod,1.97,3940,4728
Saresh's Darkness,1.97,3940,4728
Solerai's Radiance,1.97,3940,4728
Facebreaker,1.95,3900,4680
Mokou's Embrace,1.95,3900,4680
Ahkeli's Mountain,1.95,3900,4680
The Peregrine,1.92,3840,4608
Stormcharger,1.92,3840,4608
Giantsbane,1.92,3840,4608
Whakatutuki o Matua,1.92,3840,4608
Flesh and Spirit,1.89,3780,4536
Replica Bloodplay,1.89,3780,4536
Bones of Ullr,1.86,3720,4464
Quecholli,1.86,3720,4464
Mordhau,1.86,3720,4464
Deerstalker,1.86,3720,4464
Fidelitas' Spike,1.86,3720,4464
Bated Breath,1.86,3720,4464
Praxis,1.86,3720,4464
Panquetzaliztli,1.86,3720,4464
The Red Dream,1.84,3680,4416
The Green Dream,1.84,3680,4416
The Blue Dream,1.84,3680,4416
Boreal Shepherd,1.81,3620,4344
Perandus Blazon,1.75,3500,4200
Ungil's Gauche,1.75,3500,4200
Brightbeak,1.75,3500,4200
Daresso's Salute,1.75,3500,4200
Victario's Acuity,1.75,3500,4200
Asphyxia's Wrath,1.75,3500,4200
Shaper's Seed,1.75,3500,4200
Martial Artistry,1.75,3500,4200
Survival Instincts,1.75,3500,4200
Survival Skills,1.75,3500,4200
Survival Secrets,1.75,3500,4200
Cannibalistic Habits,1.75,3500,4200
Spire of Stone,1.75,3500,4200
Apparitions,1.75,3500,4200
Vampire's Might,1.75,3500,4200
Hotheaded,1.75,3500,4200
Combustibles,1.75,3500,4200
Weight of Sin,1.75,3500,4200
The Naming Temporary,1.75,3500,4200
Fragile Bloom,1.75,3500,4200
Brawn,1.75,3500,4200
Clear Mind,1.75,3500,4200
Specialised,1.75,3500,4200
Miser of Misery,1.75,3500,4200
Sacrificial Harvest,1.75,3500,4200
Vaal Sentencing,1.75,3500,4200
Poacher's Aim,1.75,3500,4200
Warlord's Reach,1.75,3500,4200
Assassin's Haste,1.75,3500,4200
Conqueror's Efficiency,1.75,3500,4200
Conqueror's Potency,1.75,3500,4200
Conqueror's Longevity,1.75,3500,4200
Ancient Waystones,1.75,3500,4200
Mutated Growth,1.75,3500,4200
Hungry Abyss,1.75,3500,4200
Zerphi's Youth,1.75,3500,4200
Corrupted Energy,1.75,3500,4200
Blood Sacrifice,1.75,3500,4200
Brittle Barrier,1.75,3500,4200
Pugilist,1.75,3500,4200
Cold Steel,1.75,3500,4200
Fireborn,1.75,3500,4200
Anatomical Knowledge,1.75,3500,4200
The Deep One's Hide,1.75,3500,4200
Lavianga's Wisdom,1.75,3500,4200
Shattered Chains,1.75,3500,4200
Weight of the Empire,1.75,3500,4200
Steel Spirit,1.75,3500,4200
Growing Agony,1.75,3500,4200
The Vigil,1.75,3500,4200
Rolling Flames,1.75,3500,4200
Winter's Bounty,1.75,3500,4200
Spirited Response,1.75,3500,4200
Spine of the First Claimant,1.75,3500,4200
Izaro's Turmoil,1.75,3500,4200
Extractor Mentis,1.75,3500,4200
Rapid Expansion,1.75,3500,4200
Volley Fire,1.75,3500,4200
Demigod's Dominance,1.75,3500,4200
The Tempestuous Steel,1.75,3500,4200
Cheap Construction,1.75,3500,4200
Hair Trigger,1.75,3500,4200
Coated Shrapnel,1.75,3500,4200
Unstable Payload,1.75,3500,4200
Saemus' Gift,1.75,3500,4200
Underdog's Fury,1.75,3500,4200
Collateral Damage,1.75,3500,4200
Sudden Ignition,1.75,3500,4200
Overwhelming Odds,1.75,3500,4200
First Snow,1.75,3500,4200
Omen on the Winds,1.75,3500,4200
Wildfire,1.75,3500,4200
Fight for Survival,1.75,3500,4200
Might and Influence,1.75,3500,4200
Frozen Trail,1.75,3500,4200
Ring of Blades,1.75,3500,4200
Boundless Grasp,1.75,3500,4200
Inevitability,1.75,3500,4200
Winter Burial,1.75,3500,4200
Spreading Rot,1.75,3500,4200
Violent Dead,1.75,3500,4200
Hazardous Research,1.75,3500,4200
Choking Ash,1.75,3500,4200
Straight and True,1.75,3500,4200
From Dust,1.75,3500,4200
The Long Winter,1.75,3500,4200
Unearth Threshold,1.75,3500,4200
Toxic Vapours,1.75,3500,4200
Seething Fury,1.75,3500,4200
Replica Conqueror's Efficiency,1.75,3500,4200
Lord of Steel,1.75,3500,4200
Replica Hotheaded,1.75,3500,4200
Replica Pure Talent,1.75,3500,4200
Replica Fragile Bloom,1.75,3500,4200
Replica Unstable Payload,1.75,3500,4200
Replica Blood Sacrifice,1.75,3500,4200
Replica Cheap Construction,1.75,3500,4200
Frostferno,1.75,3500,4200
The Tactician,1.75,3500,4200
The Nomad,1.75,3500,4200
Divine Inferno,1.75,3500,4200
Victario's Flight,1.73,3460,4152
Ashcaller,1.73,3460,4152
Putembo's Valley,1.73,3460,4152
Tulborn,1.71,3420,4104
Ghostwrithe,1.68,3360,4032
Dusktoe,1.65,3300,3960
Wideswing,1.65,3300,3960
Ghostmarch,1.65,3300,3960
Faminebind,1.65,3300,3960
Roth's Reach,1.65,3300,3960
Duskblight,1.65,3300,3960
Thrillsteel,1.65,3300,3960
Doryani's Invitation,1.63,3260,3912
Night's Hold,1.63,3260,3912
String of Servitude,1.63,3260,3912
Bear's Girdle,1.63,3260,3912
Hrimnor's Hymn,1.6,3200,3840
Aurumvorax,1.6,3200,3840
Hrimnor's Dirge,1.6,3200,3840
Malachai's Awakening,1.6,3200,3840
Kaltenhalt,1.56,3120,3744
Battlehaste,1.56,3120,3744
Nomic's Storm,1.56,3120,3744
Dreadarc,1.56,3120,3744
Kaltensoul,1.56,3120,3744
Dreadsurge,1.56,3120,3744
Uzaza's Meadow,1.54,3080,3696
Wreath of Phrecia,1.54,3080,3696
Demigod's Presence,1.51,3020,3624
The Ignomon,1.51,3020,3624
Band of the Victor,1.51,3020,3624
Bloodplay,1.51,3020,3624
Frost Unbroken,1.51,3020,3624
Xoph's Inception,1.51,3020,3624
The Effigon,1.51,3020,3624
The Untouched Soul,1.51,3020,3624
The Goddess Bound,1.49,2980,3576
Shackles of the Wretched,1.49,2980,3576
Hyrri's Bite,1.47,2940,3528
Hyrri's Demise,1.47,2940,3528
Chain of Endurance,1.47,2940,3528
Limbsplit,1.43,2860,3432
Pillar of the Caged God,1.43,2860,3432
Dying Breath,1.43,2860,3432
Realmshaper,1.43,2860,3432
The Cauteriser,1.43,2860,3432
Realm Ender,1.43,2860,3432
Doedre's Damning,1.41,2820,3384
Quill Rain,1.41,2820,3384
Replica Quill Rain,1.41,2820,3384
Hand of Wisdom and Action,1.4,2800,3360
The Red Trail,1.4,2800,3360
Shiversting,1.38,2760,3312
Honourhome,1.38,2760,3312
Doedre's Tenure,1.38,2760,3312
Demigod's Triumph,1.38,2760,3312
Ungils's Coil,1.38,2760,3312
Demigod's Stride,1.38,2760,3312
Galla's Riposte,1.38,2760,3312
Doedre's Elixir,1.38,2760,3312
Demigod's Touch,1.38,2760,3312
Stormblast,1.38,2760,3312
Demigod's Bounty,1.38,2760,3312
Demigod's Eye,1.38,2760,3312
Wildslash,1.38,2760,3312
Demigod's Immortality,1.38,2760,3312
Doedre's Malevolence,1.38,2760,3312
Honourhold,1.38,2760,3312
Kaom's Sign,1.37,2740,3288
Replica Blood Thorn,1.37,2740,3288
Replica Fencoil,1.37,2740,3288
Feastbind,1.34,2680,3216
Sadima's Touch,1.33,2660,3192
Goldrim,1.33,2660,3192
Sacrificial Heart,1.33,2660,3192
Replica Last Resort,1.33,2660,3192
Maligaro's Etcher,1.3,2600,3120
The Princess,1.3,2600,3120
Gorebreaker,1.3,2600,3120
Axiom Perpetuum,1.3,2600,3120
Coward's Chains,1.29,2580,3096
Replica Prismweave,1.29,2580,3096
Wondertrap,1.27,2540,3048
Hrimsorrow,1.27,2540,3048
Storm Cloud,1.27,2540,3048
Hrimburn,1.27,2540,3048
The Tempest,1.27,2540,3048
Greedtrap,1.27,2540,3048
Wildwrap,1.27,2540,3048
Bramblejack,1.25,2500,3000
Crest of Perandus,1.23,2460,2952
Asenath's Chant,1.23,2460,2952
Stone of Lazhwar,1.19,2380,2856
Broadstroke,1.19,2380,2856
Karui Ward,1.19,2380,2856
Springleaf,1.19,2380,2856
The Rathorn,1.19,2380,2856
Tear of Purity,1.19,2380,2856
Karui Charge,1.19,2380,2856
The Oak,1.19,2380,2856
Tulfall,1.17,2340,2808
The Screaming Eagle,1.16,2320,2784
Abberath's Horn,1.16,2320,2784
The Gryphon,1.16,2320,2784
Ondar's Clasp,1.13,2260,2712
Wheel of the Stormsail,1.13,2260,2712
Goredrill,1.13,2260,2712
Sanguine Gambol,1.13,2260,2712
The Megalomaniac,1.13,2260,2712
Skin of the Loyal,1.11,2220,2664
Wurmfist,1.09,2180,2616
Vestige of Divinity,1.09,2180,2616
Fencoil,1.09,2180,2616
Craghead,1.09,2180,2616
The Blood Thorn,1.09,2180,2616
Kaom's Way,1.09,2180,2616
Cragfall,1.09,2180,2616
Mirebough,1.09,2180,2616
Sidhebreath,1.06,2120,2544
Crown of Thorns,1.06,2120,2544
Araku Tiki,1.06,2120,2544
Wanderlust,1.06,2120,2544
Last Resort,1.06,2120,2544
DrTestapus' Charm,1.06,2120,2544
Thunder of the Dawn,1.06,2120,2544
Ironweld,1.06,2120,2544
Scar of Fate,1.06,2120,2544
Ngamahu Tiki,1.06,2120,2544
Martyr's Crown,1.06,2120,2544
Sidhebite,1.06,2120,2544
Xoph's Nurture,1.04,2080,2496
Blackheart,1.03,2060,2472
Blackgleam,1.03,2060,2472
Dewath's Hide,1.03,2060,2472
Remnant of Empires,1.03,2060,2472
Rust of Winter,1.03,2060,2472
Chains of Time,1.03,2060,2472
Voidheart,1.03,2060,2472
Oni-Goroshi,1.03,2060,2472
Redbeak,1,2000,2400
Silverbranch,1,2000,2400
Ezomyte Peak,1,2000,2400
Lochtonial Caress,1,2000,2400
Fragment of Eternity,1,2000,2400
Splinter of the Moon,1,2000,2400
Ashes of the Sun,1,2000,2400
Relic of the Cycle,1,2000,2400
Tear of Entropy,1,2000,2400
Lifesprig,1,2000,2400
Celestial Fragment,1,2000,2400
Bartek's Finger,1,2000,2400
Blood of Summer,1,2000,2400
Talisman of the Victor,1,2000,2400
Slivers of Providence,1,2000,2400
First Piece of the Arcane,1,2000,2400
Second Piece of the Arcane,1,2000,2400
Third Piece of the Arcane,1,2000,2400
First Piece of Time,1,2000,2400
Second Piece of Time,1,2000,2400
Terror,1,2000,2400
Stalwart Defenders,1,2000,2400
Misinformation,1,2000,2400
Irresistible Temptation,1,2000,2400
Territories Unknown,1,2000,2400
War Among the Stars,1,2000,2400
Booming Populace,1,2000,2400
The Warlord's Annex,1,2000,2400
Demigod's Authority,1,2000,2400
The Walls,1,2000,2400
The Claim,1,2000,2400
The Closest Peak,1,2000,2400
Atop the Atlas,1,2000,2400
The Vast Horizon,1,2000,2400
The Builder,1,2000,2400
Restless Cycles,1,2000,2400
The False Hope,1,2000,2400
Wall of Brambles,1,2000,2400
Ezomyte Hold,1,2000,2400
Silverbough,1,2000,2400
Dreadbeak,1,2000,2400
Beauty,1,2000,2400
Curiosity,1,2000,2400
Ambition,1,2000,2400
Cooperation,1,2000,2400
The Hour of Divinity,1,2000,2400
The Night Lamp,1,2000,2400
The Blood of Innocence,1,2000,2400
The Perandus Pact,1,2000,2400
Curio of Absorption,1,2000,2400
Curio of Consumption,1,2000,2400
Curio of Potential,1,2000,2400
Curio of Decay,1,2000,2400
The Light of Meaning,1,2000,2400
Severed in Sleep,0.58,1160,1392