Unique Type,Unique Name
Driftwood Wand,Lifesprig
Goat's Horn,Abberath's Horn
Goat's Horn,Ashcaller
Spiraled Wand,Reverberation Rod
Spiraled Wand,Storm Prison
Sage Wand,Twyzel
Sage Wand,Shade of Solaris
Sage Wand,Replica Twyzel
Sage Wand,Relic of the Pact
Sage Wand,Unlight Extant
Pagan Wand,Mystic Refractor
Faun's Horn,Eclipse Solaris
Omen Wand,Apep's Rage
Omen Wand,Obliteration
Opal Wand,Tulfall
Opal Wand,Tulborn
Opal Wand,Replica Tulfall
Tornado Wand,Shimmeron
Prophecy Wand,Void Battery
Prophecy Wand,Grace of the Goddess
Somatic Wand,The Poet's Pen
Kinetic Wand,Moonsorrow
Kinetic Wand,Piscator's Vigil
Calling Wand,Midnight Bargain
Calling Wand,Replica Midnight Bargain
Skinning Knife,Goredrill
Stiletto,Bloodplay
Stiletto,Replica Bloodplay
Boot Knife,Ungil's Gauche
Boot Knife,Replica Ungil's Gauche
Flaying Knife,Mightflay
Boot Blade,Widowmaker
Royal Skean,Heartbreaker
Royal Skean,Replica Heartbreaker
Fiend Dagger,The Consuming Dark
Fiend Dagger,Arakaali's Fang
Slaughter Knife,Bino's Kitchen Knife
Ambusher,Taproot
Ambusher,The Hidden Blade
Ambusher,Goblinedge
Ezomyte Dagger,Cold Iron Point
Ezomyte Dagger,Replica Cold Iron Point
Platinum Kris,Mark of the Doubting Knight
Imperial Skean,Divinarius
Imperial Skean,White Wind
Demon Dagger,Vulconus
Demon Dagger,Festering Resentment
Nailed Fist,Last Resort
Nailed Fist,Replica Last Resort
Awl,Wildslash
Timeworn Claw,Al Dhih
Fright Claw,Mortem Morsu
Thresher Claw,Cybil's Paw
Gut Ripper,Ornament of the East
Gut Ripper,Advancing Fortress
Gut Ripper,Replica Advancing Fortress
Throat Stabber,The Wasp Nest
Hellion's Paw,Bloodseeker
Hellion's Paw,Law of the Wilds
Vaal Claw,Essentia Sanguis
Vaal Claw,Allure
Vaal Claw,Replica Allure
Imperial Claw,Touch of Anguish
Imperial Claw,Hand of Thought and Motion
Imperial Claw,Hand of Wisdom and Action
Terror Claw,Rive
Terror Claw,The Scourge
Jade Hatchet,The Screaming Eagle
Cleaver,Dreadarc
Decorative Axe,Relentless Fury
Spectral Axe,The Grey Wind
Tomahawk,Moonbender's Wing
Siege Axe,Soul Taker
Butcher Axe,Actum
Vaal Hatchet,"Jack, the Axe"
Royal Axe,Rigwald's Savagery
Infernal Axe,Dyadus
Charan's Sword,Oni-Goroshi
Rusted Sword,Redbeak
Sabre,The Princess
War Sword,The Tempestuous Steel
War Sword,Replica Tempestuous Steel
Elegant Sword,The Goddess Scorned
Elegant Sword,Lakishu's Blade
Dusk Blade,Ephemeral Edge
Cutlass,Severed in Sleep
Cutlass,United in Dream
Elder Sword,Innsbury Edge
Elder Sword,Replica Innsbury Edge
Graceful Sword,Nametaker
Twilight Blade,Prismatic Eclipse
Gemstone Sword,Story of the Vaal
Gemstone Sword,Fate of the Vaal
Corsair Sword,Ichimonji
Gladius,Scaeva
Gladius,The Iron Mass
Legion Sword,Hyaon's Fury
Legion Sword,The Rippling Thoughts
Legion Sword,The Saviour
Legion Sword,The Surging Thoughts
Vaal Blade,Rebuke of the Vaal
Vaal Blade,Varunastra
Eternal Sword,Dreamfeather
Eternal Sword,Beltimber Blade
Eternal Sword,Grelwood Shank
Eternal Sword,Replica Dreamfeather
Midnight Blade,Rigwald's Command
Midnight Blade,Razor of the Seventh Sun
Midnight Blade,Ahn's Might
Whalebone Rapier,The Goddess Bound
Basket Rapier,Aurumvorax
Jagged Foil,Fidelitas' Spike
Antique Rapier,Ewar's Mirage
Estoc,Daresso's Passion
Vaal Rapier,Paradoxica
Vaal Rapier,Replica Paradoxica
Jewelled Foil,Cospri's Malice
Spiked Club,Gorebreaker
War Hammer,Brightbeak
War Hammer,Lavianga's Wisdom
Dream Mace,Flesh-Eater
Dream Mace,The Monastery Bell
Rock Breaker,Clayshaper
Ornate Mace,Frostbreath
Ornate Mace,Replica Frostbreath
Gavel,Mjölner
Gavel,Cameria's Maul
Gavel,Cameria's Avarice
Auric Mace,Callinellus Malleus
Nightmare Mace,Nebuloch
Bronze Sceptre,Axiom Perpetuum
Ritual Sceptre,Brutus' Lead Sprinkler
Shadow Sceptre,The Dark Seer
Shadow Sceptre,Bitterdream
Shadow Sceptre,Replica Bitterdream
Grinning Fetish,Earendel's Embrace
#VALUE!,#VALUE!
Grinning Fetish,Replica Earendel's Embrace
#VALUE!,#VALUE!
Crystal Sceptre,Nycta's Lantern
Crystal Sceptre,The Supreme Truth
#VALUE!,#VALUE!
#VALUE!,#VALUE!
Blood Sceptre,Cerberus Limb
Royal Sceptre,The Black Cane
Karui Sceptre,Death's Hand
Karui Sceptre,Maata's Teaching
Tyrant's Sekhem,Sign of the Sin Eater
Tyrant's Sekhem,The Sands of Time
Opal Sceptre,Balefire
Platinum Sceptre,Singularity
Platinum Sceptre,Cadigan's Authority
Vaal Sceptre,Doon Cuebiyari
Vaal Sceptre,Doryani's Catalyst
Vaal Sceptre,Yaomac's Accord
Carnal Sceptre,Breath of the Council
Void Sceptre,Mon'tregul's Grasp
Void Sceptre,Augyre
Void Sceptre,Nebulis
Void Sceptre,Replica Nebulis
Crude Bow,Silverbranch
Crude Bow,Widowhail
Short Bow,Quill Rain
Short Bow,Replica Quill Rain
Long Bow,Storm Cloud
Recurve Bow,Roth's Reach
Royal Bow,Doomfletch
Death Bow,Death's Harp
Death Bow,Iron Commander
Death Bow,Replica Iron Commander
Decimation Bow,Infractem
Decimation Bow,Replica Infractem
Steelwood Bow,The Crimson Storm
Citadel Bow,Xoph's Nurture
Citadel Bow,Xoph's Inception
Citadel Bow,The Gluttonous Tide
Ranger Bow,Null's Inclination
Ranger Bow,Hopeshredder
Assassin Bow,Chin Sol
Assassin Bow,Darkscorn
Assassin Bow,Arborix
Spine Bow,Voltaxic Rift
Spine Bow,Reach of the Council
Imperial Bow,Lioneye's Glare
Imperial Bow,Windripper
Imperial Bow,Replica Windripper
Imperial Bow,Wing of the Wyvern
Harbinger Bow,Nuro's Harp
Harbinger Bow,Slivertongue
Maraketh Bow,The Flame of Hope
Maraketh Bow,The Bane of Hope
Gnarled Branch,Fencoil
Gnarled Branch,The Blood Thorn
Gnarled Branch,Replica Blood Thorn
Gnarled Branch,Replica Fencoil
Iron Staff,Dying Breath
Iron Staff,Pillar of the Caged God
Iron Staff,Realmshaper
Coiled Staff,Xirgil's Crank
Royal Staff,The Stormheart
Vile Staff,The Whispering Ice
Quarterstaff,The Annihilating Light
Military Staff,Tremor Rod
Serpentine Staff,Sire of Shards
Serpentine Staff,Cane of Kulemak
Highborn Staff,Martyr of Innocence
Highborn Staff,Witchhunter's Judgment
Foul Staff,The Winds of Fate
Foul Staff,The Broken Elegy
Primordial Staff,Femurs of the Saints
Primordial Staff,The Burden of Shadows
Lathi,The Searing Touch
Ezomyte Staff,Cane of Unravelling
Ezomyte Staff,Soulwrest
Ezomyte Staff,The Fulcrum
Maelström Staff,Taryn's Shiver
Maelström Staff,Duskdawn
Maelström Staff,Disintegrator
Maelström Staff,Replica Duskdawn
Imperial Staff,Agnerod East
Imperial Staff,Agnerod North
Imperial Staff,Agnerod South
Imperial Staff,Agnerod West
Imperial Staff,The Enmity Divine
Imperial Staff,The Yielding Mortality
Imperial Staff,Jiquani's Potential
Judgement Staff,Pledge of Hands
Judgement Staff,Hegemony's Era
Judgement Staff,The Grey Spire
Judgement Staff,Atziri's Rule
Judgement Staff,Legacy of the Rose
Woodsplitter,Limbsplit
Poleaxe,Wideswing
Shadow Axe,Reaper's Pursuit
Jasper Chopper,The Harvest
Jasper Chopper,Replica Harvest
Headsman Axe,The Blood Reaper
Abyssal Axe,Ngamahu's Flame
Abyssal Axe,Starcaller
Karui Chopper,Kaom's Primacy
Ezomyte Axe,Wings of Entropy
Ezomyte Axe,Sinvicta's Mettle
Ezomyte Axe,Replica Wings of Entropy
Vaal Axe,Atziri's Disfavour
Vaal Axe,Hezmana's Bloodlust
Vaal Axe,Uul-Netol's Kiss
Vaal Axe,Uul-Netol's Embrace
Despot Axe,Kingmaker
Despot Axe,Debeon's Dirge
Void Axe,Kitava's Feast
Bastard Sword,Shiversting
Etched Greatsword,Edge of Madness
Ornate Sword,Queen's Decree
Highland Blade,Rigwald's Charge
Engraved Greatsword,Rakiata's Dance
Tiger Sword,Terminus Est
Reaver Sword,The Dancing Dervish
Reaver Sword,Hiltless
Ezomyte Blade,Kondo's Pride
Ezomyte Blade,The Living Blade
Lion Sword,Doomsower
Lion Sword,The Golden Charlatan
Infernal Sword,Oro's Sacrifice
Infernal Sword,Starforge
Infernal Sword,Voidforge
Infernal Sword,Replica Oro's Sacrifice
Infernal Sword,Echoforge
Exquisite Blade,Skysunder
Exquisite Blade,Fleshrender
Sledgehammer,Hrimnor's Hymn
Jagged Maul,Quecholli
Brass Maul,Geofri's Baptism
Great Mallet,Chober Chaber
Great Mallet,Trypanon
Great Mallet,Replica Trypanon
Steelhead,Jorrhast's Blacksteel
Dread Maul,Voidhome
Karui Maul,Marohi Erqi
Piledriver,Tawhoa's Felling
Meatgrinder,Brain Rattler
Imperial Maul,Tidebreaker
Terror Maul,Kongor's Undying Rage
Terror Maul,Replica Kongor's Undying Rage
Coronal Maul,The Sacred Chalice
Coronal Maul,The Desecrated Chalice
Fishing Rod,Song of the Sirens
Fishing Rod,Reefbane
Rawhide Tower Shield,Lycosidae
Cedar Tower Shield,Trolltimber Spire
Reinforced Tower Shield,Titucius' Span
Painted Tower Shield,Redblade Banner
Girded Tower Shield,Svalinn
Ebony Tower Shield,Chernobog's Pillar
Ebony Tower Shield,Tukohama's Fortress
Ebony Tower Shield,Replica Tukohama's Fortress
Ezomyte Tower Shield,The Surrender
Ezomyte Tower Shield,The Anticipation
Ezomyte Tower Shield,Cowards' Wail
Colossal Tower Shield,Ahn's Heritage
Colossal Tower Shield,Dawnbreaker
Pinnacle Tower Shield,Lioneye's Remorse
Pinnacle Tower Shield,Magna Eclipsis
Pine Buckler,Crest of Perandus
Painted Buckler,Kaltenhalt
War Buckler,Chalice of Horrors
Enameled Buckler,Mutewind Pennant
Corrugated Buckler,Great Old One's Ward
Golden Buckler,Atziri's Reflection
Ironwood Buckler,Kiloava's Bluster
Lacquered Buckler,Mistwall
Lacquered Buckler,Replica Mistwall
Lacquered Buckler,Azadi Crest
Vaal Buckler,Thousand Teeth Temu
Tarnished Spirit Shield,Matua Tupuna
Tarnished Spirit Shield,Brinerot Flag
Jingling Spirit Shield,Light of Lunaris
Brass Spirit Shield,Sentari's Answer
Ancient Spirit Shield,Kongming's Stratagem
Chiming Spirit Shield,The Eternal Apple
Chiming Spirit Shield,The Scales of Justice
Lacewood Spirit Shield,Manastorm
Vaal Spirit Shield,Esh's Mirror
Vaal Spirit Shield,Esh's Visage
Vaal Spirit Shield,Apep's Slumber
Vaal Spirit Shield,Apep's Supremacy
Harmonic Spirit Shield,Malachai's Loop
Titanium Spirit Shield,Rathpith Globe
Titanium Spirit Shield,Bitterbind Point
Rotted Round Shield,Wheel of the Stormsail
Studded Round Shield,The Deep One's Hide
Maple Round Shield,The Flawed Refuge
Crimson Round Shield,Shattershard
Baroque Round Shield,Daresso's Courage
Teak Round Shield,The Ghastly Theatre
Spiny Round Shield,Bitter Instinct
Cardinal Round Shield,Vix Lunaris
Elegant Round Shield,The Squire
Elegant Round Shield,The Oppressor
Plank Kite Shield,Springleaf
Steel Kite Shield,Emperor's Vigilance
#VALUE!,#VALUE!
#VALUE!,#VALUE!
Steel Kite Shield,Mahuxotl's Machination
#VALUE!,#VALUE!
#VALUE!,#VALUE!
#ERROR!,#ERROR!
Laminated Kite Shield,Victario's Charity
Laminated Kite Shield,Replica Victario's Charity
Branded Kite Shield,Saffell's Frame
Champion Kite Shield,Aegis Aurora
Mosaic Kite Shield,Rise of the Phoenix
Archon Kite Shield,Prism Guardian
Archon Kite Shield,Broken Faith
Archon Kite Shield,The Unshattered Will
Archon Kite Shield,Invictus Solaris
Archon Kite Shield,Unyielding Flame
Archon Kite Shield,The Immortal Will
Compound Spiked Shield,Maligaro's Lens
Polished Spiked Shield,Zeel's Amplifier
Sovereign Spiked Shield,Qotra's Regulator
Ezomyte Spiked Shield,Perepiteia
Mirrored Spiked Shield,Leper's Alms
Mirrored Spiked Shield,Font of Thunder
Supreme Spiked Shield,Jaws of Agony
Iron Hat,Ezomyte Peak
Barbute Helmet,Thrillsteel
Close Helmet,The Baron
Reaver Helmet,Blood Price
Siege Helmet,Kaom's Command
Samnite Helmet,Hrimnor's Resolve
Ezomyte Burgonet,Abyssus
Ezomyte Burgonet,Cowl of the Thermophile
Ezomyte Burgonet,Replica Abyssus
Ezomyte Burgonet,Howlcrack
Royal Burgonet,The Formless Flame
Royal Burgonet,The Formless Inferno
Royal Burgonet,Echoes of Creation
Eternal Burgonet,Usurper's Penance
Leather Cap,Goldrim
Tricorne,Fairgraves' Tricorne
Leather Hood,Heatshiver
Leather Hood,Replica Heatshiver
Wolf Pelt,Elevore
Ursine Pelt,Rat's Nest
Silken Hood,Starkonja's Head
Silken Hood,Saqawal's Flock
Silken Hood,Cowl of the Cryophile
Sinner Tricorne,Alpha's Howl
Sinner Tricorne,Assailum
Sinner Tricorne,Replica Alpha's Howl
Lion Pelt,Obscurantis
Vine Circlet,Crown of Thorns
Iron Circlet,Asenath's Mark
Iron Circlet,Wreath of Phrecia
Tribal Circlet,Mark of the Red Covenant
Bone Circlet,Plume of Pursuit
Bone Circlet,Wraithlord
Lunaris Circlet,Doedre's Scorn
Steel Circlet,Maw of Conquest
Steel Circlet,Sudden Dawn
Necromancer Circlet,Chitus' Apex
Necromancer Circlet,Fenumus' Toxins
Necromancer Circlet,The Devouring Diadem
Necromancer Circlet,Sandstorm Visage
Solaris Circlet,Flamesight
Solaris Circlet,Galesight
Solaris Circlet,Thundersight
Solaris Circlet,Cowl of the Ceraunophile
Solaris Circlet,Wilma's Requital
Mind Cage,Rime Gaze
Mind Cage,Scold's Bridle
Mind Cage,Hale Negator
Hubris Circlet,Crown of Eyes
Hubris Circlet,Ylfeban's Trickery
Hubris Circlet,Eber's Unification
Hubris Circlet,Indigon
Lich's Circlet,The Dark Monarch
Visored Sallet,The Trickster's Smile
Gilded Sallet,Deidbell
Secutor Helm,Skullhead
Lacquered Helmet,Black Sun Crest
Lacquered Helmet,The Fledgling
Fluted Bascinet,Crest of Desire
Pig-Faced Bascinet,The Devourer of Minds
Nightmare Bascinet,The Bringer of Rain
Nightmare Bascinet,Devoto's Devotion
Soldier Helmet,Honourhome
Great Helmet,Veil of the Night
Great Helmet,Replica Veil of the Night
Aventail Helmet,Mindspiral
Zealot Helmet,Kitava's Thirst
Zealot Helmet,Ravenous Passion
Great Crown,Geofri's Crest
Great Crown,Lightpoacher
Great Crown,Forbidden Shako
Magistrate Crown,Craiceann's Chitin
Magistrate Crown,Mask of the Spirit Drinker
Magistrate Crown,Mask of the Stitched Demon
Magistrate Crown,Crown of the Tyrant
Magistrate Crown,Mask of the Tribunal
Prophet Crown,The Broken Crown
Prophet Crown,The Brine Crown
Prophet Crown,Speaker's Wreath
Prophet Crown,Crown of the Inward Eye
#VALUE!,#VALUE!
Praetor Crown,Voll's Vision
Praetor Crown,Malachai's Vision
Praetor Crown,Ahn's Contempt
Praetor Crown,Memory Vault
Praetor Crown,Viridi's Veil
Faithful Helmet,The Hallowed Monarch
Paladin Crown,Refuge in Isolation
Plague Mask,Curtain Call
Iron Mask,Malachai's Simula
Festival Mask,Leer Cast
Festival Mask,Replica Leer Cast
Golden Mask,The Three Dragons
Golden Mask,Willclash
Raven Mask,The Gull
Callous Mask,The Tempest's Binding
Callous Mask,Eye of Malice
Callous Mask,The Tempest's Liberation
Regicide Mask,Crown of the Pale King
Regicide Mask,Gorgon's Gaze
Regicide Mask,Akoya's Gaze
Harlequin Mask,Mind of the Council
Harlequin Mask,Farrul's Bite
Vaal Mask,The Vertex
Vaal Mask,Fractal Thoughts
Vaal Mask,Glimpse of Chaos
Deicide Mask,Heretic's Veil
Bone Helmet,Maw of Mischief
Bone Helmet,Ancient Skull
Runic Helm,Faithguard
Runic Crown,Cadigan's Crown
Plate Vest,Bramblejack
Copper Plate,Solaris Lorica
Colosseum Plate,Pragmatism
Majestic Plate,Utula's Hunger
Golden Plate,Greed's Embrace
Golden Plate,Craiceann's Carapace
Crusader Plate,Lioneye's Vision
Crusader Plate,The Iron Fortress
Astral Plate,Death's Oath
Astral Plate,Blunderbore
Gladiator Plate,The Brass Dome
Glorious Plate,Kaom's Heart
Glorious Plate,Perfidy
Glorious Plate,Replica Kaom's Heart
Buckskin Tunic,Ashrend
Wild Leather,Foxshade
Sun Leather,Briskwrap
Cutthroat's Garb,Bronn's Lithe
Sharkskin Tunic,The Rat Cage
Destiny Leather,Queen of the Forest
Exquisite Leather,Kintsugi
Exquisite Leather,Yriel's Fostering
Zodiac Leather,Hyrri's Ire
Zodiac Leather,The Snowblind Grace
Zodiac Leather,The Perfect Form
Zodiac Leather,Replica Perfect Form
Zodiac Leather,Replica Hyrri's Ire
Assassin's Garb,Cospri's Will
Simple Robe,Thousand Ribbons
Simple Robe,Skin of the Loyal
Simple Robe,Skin of the Lords
Silken Vest,Ghostwrithe
Scholar's Robe,Cloak of Flame
Cabalist Regalia,The Apostate
Sage's Robe,Zahndethus' Cassock
Sage's Robe,Dialla's Malefaction
Spidersilk Robe,The Covenant
Spidersilk Robe,Soul Mantle
Spidersilk Robe,Replica Covenant
Destroyer Regalia,The Coming Calamity
Savant's Robe,Cloak of Tawm'r Isley
Savant's Robe,Garb of the Ephemeral
Necromancer Silks,Vis Mortis
Necromancer Silks,Fleshcrafter
Occultist's Vestment,Shavronne's Wrappings
Widowsilk Robe,Infernal Mantle
Widowsilk Robe,Doedre's Skin
Widowsilk Robe,Fenumus' Shroud
Vaal Regalia,The Beast Fur Shawl
Vaal Regalia,The Queen's Hunger
Wyrmscale Doublet,Gruthkul's Pelt
Full Wyrmscale,Belly of the Beast
Desert Brigandine,Lightning Coil
Full Dragonscale,Daresso's Defiance
General's Brigandine,Rigwald's Hunt
Triumphant Lamellar,Cherrubim's Maleficence
Triumphant Lamellar,Farrul's Fur
Triumphant Lamellar,Replica Farrul's Fur
Holy Chainmail,Voll's Protector
Latticed Ringmail,Icetomb
Crusader Chainmail,Ambu's Charge
Crusader Chainmail,Replica Ambu's Charge
Ornate Ringmail,Lightbane Raiment
Devout Chainmail,The Fourth Vow
Conquest Chainmail,Kingsguard
Elegant Ringmail,Geofri's Sanctuary
Elegant Ringmail,Loreweave
Elegant Ringmail,Replica Loreweave
Saint's Hauberk,Sporeguard
Saint's Hauberk,The Ivory Tower
Saint's Hauberk,Doryani's Prototype
Saintly Chainmail,Incandescent Heart
Saintly Chainmail,Chains of Command
Waxed Garb,Seven Teachings
Bone Armour,Bloodbond
Lacquered Garb,Cloak of Defiance
Lacquered Garb,Victario's Influence
Sentinel Jacket,Dendrobate
Sentinel Jacket,Expedition's End
Varnished Coat,Carcass Jack
Varnished Coat,The Admiral
Blood Raiment,Saqawal's Nest
Blood Raiment,The Eternity Shroud
Blood Raiment,Replica Eternity Shroud
Sadist Garb,Tinkerskin
Sadist Garb,Inpulsa's Broken Heart
Sadist Garb,Doppelgänger Guise
Carnal Armour,The Restless Ward
Carnal Armour,Shroud of the Lightless
Carnal Armour,Replica Shroud of the Lightless
Carnal Armour,Replica Restless Ward
Carnal Armour,Stasis Prison
Torturer Garb,Servant of Decay
Sacrificial Garb,Atziri's Splendour
Sacrificial Garb,Shadowstitch
Plated Greaves,Stormcharger
Reinforced Greaves,Windscream
Antique Greaves,Torchoak Step
Ancient Greaves,Redblade Tramplers
Ancient Greaves,Kahuturoa's Certainty
Goliath Greaves,Craiceann's Tracks
Goliath Greaves,The Tempest Rising
Vaal Greaves,Dawnstrider
Titan Greaves,Kaom's Roots
Titan Greaves,The Infinite Pursuit
Titan Greaves,The Red Trail
Titan Greaves,Doryani's Delusion
Titan Greaves,Replica Red Trail
Rawhide Boots,Seven-League Step
Goathide Boots,Victario's Flight
Goathide Boots,Abberath's Hooves
Deerskin Boots,Deerstalker
Nubuck Boots,Goldwyrm
Eelskin Boots,Orbala's Stand
Sharkskin Boots,The Blood Dance
Shagreen Boots,Three-step Assault
Shagreen Boots,Replica Three-step Assault
Shagreen Boots,Temptation Step
Stealth Boots,Sin Trek
Stealth Boots,Garukhan's Flight
Slink Boots,Atziri's Step
Slink Boots,Farrul's Chase
Wool Shoes,Wanderlust
Velvet Slippers,Wondertrap
Silk Slippers,Bones of Ullr
Silk Slippers,Replica Bones of Ullr
Scholar Boots,Shavronne's Pace
Satin Slippers,Scornflux
Conjurer Boots,Rainbowstride
Arcanist Slippers,Inya's Epiphany
Arcanist Slippers,Replica Inya's Epiphany
Sorcerer Boots,Steppan Eard
Sorcerer Boots,Skyforth
Ironscale Boots,Dusktoe
Bronzescale Boots,Lioneye's Paws
Bronzescale Boots,Replica Lioneye's Paws
Serpentscale Boots,Mutewind Whispersteps
Wyrmscale Boots,Legacy of Fury
Hydrascale Boots,Saqawal's Talons
Hydrascale Boots,Gamblesprint
Dragonscale Boots,Darkray Vectors
Dragonscale Boots,Annihilation's Approach
Mesh Boots,Wake of Destruction
Riveted Boots,Ralakesh's Impatience
Soldier Boots,Alberon's Warpath
Soldier Boots,Replica Alberon's Warpath
Legion Boots,Gang's Momentum
Legion Boots,March of the Legion
Crusader Boots,Death's Door
Strapped Boots,Nomic's Storm
Clasped Boots,Sundance
Shackled Boots,Veruso's Ambition
Trapper Boots,Brinerot Whalers
Carnal Boots,Dance of the Offered
Carnal Boots,Omeyocan
Carnal Boots,Corpsewalker
Assassin's Boots,Fenumus' Spinnerets
Assassin's Boots,The Stampede
Assassin's Boots,Replica Stampede
Murder Boots,Voidwalker
Murder Boots,Bubonic Trail
Murder Boots,Replica Voidwalker
Two-Toned Boots,Beacon of Madness
Fugitive Boots,Inextricable Fate
Runic Sollerets,Olroth's Charge
Runic Sabatons,Vorana's March
Iron Gauntlets,Lochtonial Caress
Bronze Gauntlets,Giantsbane
Steel Gauntlets,Meginord's Vise
Antique Gauntlets,Admiral's Arrogance
Antique Gauntlets,The Caged Mammoth
Ancient Gauntlets,Winds of Change
Ancient Gauntlets,Hateforge
Goliath Gauntlets,Empire's Grasp
Goliath Gauntlets,The Celestial Brace
Vaal Gauntlets,Atziri's Acuity
Vaal Gauntlets,Doryani's Fist
Vaal Gauntlets,Replica Atziri's Acuity
Titan Gauntlets,Veruso's Battering Rams
Titan Gauntlets,Craiceann's Pincers
Titan Gauntlets,Kaom's Spirit
Goathide Gloves,Hrimsorrow
Deerskin Gloves,Maligaro's Virtuosity
Nubuck Gloves,Oskarm
Eelskin Gloves,Great Old One's Tentacles
Shagreen Gloves,Painseeker
Slink Gloves,Mercenary's Lot
Wool Gloves,Sadima's Touch
Velvet Gloves,Doedre's Tenure
Silk Gloves,Asenath's Gentle Touch
Embroidered Gloves,Vixen's Entrapment
Satin Gloves,Allelopathy
Satin Gloves,Demon Stitcher
Satin Gloves,Replica Allelopathy
Samite Gloves,Kalisa's Grace
Samite Gloves,Replica Kalisa's Grace
Conjurer Gloves,Voidbringer
Arcanist Gloves,Grip of the Council
Arcanist Gloves,Replica Grip of the Council
Ironscale Gauntlets,Flesh and Spirit
Bronzescale Gauntlets,Slitherpinch
Bronzescale Gauntlets,Vaal Caress
Steelscale Gauntlets,Aurseize
Steelscale Gauntlets,Tombfist
Serpentscale Gauntlets,Haemophilia
Wyrmscale Gauntlets,Wyrmsign
Wyrmscale Gauntlets,Tanu Ahi
Hydrascale Gauntlets,Farrul's Pounce
Hydrascale Gauntlets,Breathstealer
Hydrascale Gauntlets,Gravebind
Dragonscale Gauntlets,Surgebinders
Chain Gloves,Shackles of the Wretched
Mesh Gloves,Triad Grip
Mesh Gloves,The Hand of Phrecia
Riveted Gloves,Command of the Pit
Zealot Gloves,Volkuur's Guidance
Zealot Gloves,Replica Volkuur's Guidance
Zealot Gloves,Hand of the Fervent
Soldier Gloves,Southbound
Soldier Gloves,Saqawal's Winds
Legion Gloves,Null and Void
Legion Gloves,Offering to the Serpent
Crusader Gloves,Repentance
Crusader Gloves,Shaper's Touch
Crusader Gloves,Hands of the High Templar
Martyr Gloves,Hand of Heresy
Wrapped Mitts,Ondar's Clasp
Strapped Mitts,Facebreaker
Clasped Mitts,Shadows and Dust
Clasped Mitts,Aukuna's Will
Ambush Mitts,Slavedriver's Hand
Ambush Mitts,Architect's Hand
Ambush Mitts,Abhorrent Interrogation
Ambush Mitts,Stormseeker
Carnal Mitts,The Embalmer
Carnal Mitts,Fenumus' Weave
Carnal Mitts,Algor Mortis
Carnal Mitts,Soul Ascension
Carnal Mitts,Hand of the Lords
Assassin's Mitts,Snakebite
Assassin's Mitts,Blasphemer's Grasp
Assassin's Mitts,Storm's Gift
Assassin's Mitts,Entropic Devastation
Murder Mitts,Thunderfist
Murder Mitts,Malachai's Mark
Murder Mitts,Machina Mitts
Spiked Gloves,Ceaseless Feast
Fingerless Silk Gloves,Black Zenith
Runic Gages,Nightgrip
Runic Gauntlets,Medved's Challenge
Iron Ring,Blackheart
Iron Ring,Le Heup of All
Iron Ring,The Warden's Brand
Iron Ring,Circle of Guilt
Iron Ring,Icefang Orbit
Iron Ring,Venopuncture
Iron Ring,Prospero's Protection
Coral Ring,Kaom's Sign
Coral Ring,Winterweave
Coral Ring,Sibyl's Lament
Coral Ring,Honoured Alliance
Paua Ring,Doedre's Damning
Paua Ring,Perandus Signet
Paua Ring,Praxis
Paua Ring,Replica Doedre's Damning
Paua Ring,Fated End
Paua Ring,Soulbound
Gold Ring,Andvarius
Gold Ring,Ventor's Gamble
Gold Ring,The Highwayman
Gold Ring,Ixchel's Temptation
Gold Ring,The Bandit Lord's Band
Topaz Ring,Kikazaru
Topaz Ring,Valako's Sign
Topaz Ring,Putembo's Valley
Topaz Ring,Putembo's Mountain
Topaz Ring,Putembo's Meadow
Topaz Ring,Precursor's Emblem
Topaz Ring,Circle of Regret
Topaz Ring,Astral Projector
Topaz Ring,Storm Secret
Topaz Ring,Nimis
Sapphire Ring,Dream Fragments
Sapphire Ring,Pyre
Sapphire Ring,Tasalio's Sign
Sapphire Ring,Snakepit
Sapphire Ring,Uzaza's Meadow
Sapphire Ring,Uzaza's Mountain
Sapphire Ring,Uzaza's Valley
Sapphire Ring,Circle of Fear
Sapphire Ring,Replica Tasalio's Sign
Sapphire Ring,Call of the Void
Ruby Ring,Mokou's Embrace
Ruby Ring,Ngamahu's Sign
Ruby Ring,Emberwake
Ruby Ring,Ahkeli's Mountain
Ruby Ring,Ahkeli's Meadow
Ruby Ring,Ahkeli's Valley
Ruby Ring,Circle of Anguish
Ruby Ring,Warrior's Legacy
Ruby Ring,Replica Emberwake
Prismatic Ring,Lori's Lantern
Prismatic Ring,The Taming
Prismatic Ring,Thief's Torment
Prismatic Ring,Circle of Ambition
Moonstone Ring,Shavronne's Revelation
Moonstone Ring,Timeclasp
Moonstone Ring,Heartbound Loop
Moonstone Ring,Valyrium
Moonstone Ring,Anathema
Moonstone Ring,Tawhanuku's Timing
Amethyst Ring,Death Rush
Amethyst Ring,Ming's Heart
Amethyst Ring,Circle of Nostalgia
Amethyst Ring,Blackflame
Amethyst Ring,Original Sin
Amethyst Ring,Coiling Whisper
Diamond Ring,Gifts from Above
Diamond Ring,Romira's Banquet
Diamond Ring,Grattus Signet
Diamond Ring,Replica Gifts from Above
#VALUE!,#VALUE!
#VALUE!,#VALUE!
Two-Stone Ring,Berek's Respite
Two-Stone Ring,Berek's Grip
Two-Stone Ring,Call of the Brotherhood
Two-Stone Ring,Berek's Pass
Two-Stone Ring,Rigwald's Crest
Unset Ring,Voideye
Unset Ring,Malachai's Artifice
Unset Ring,Brinerot Mark
Unset Ring,Redblade Band
Unset Ring,Mutewind Seal
Unset Ring,The Pariah
Unset Ring,Essence Worm
Unset Ring,Angler's Plait
Unset Ring,The Hungry Loop
Unset Ring,Mark of Submission
Unset Ring,Vivinsect
Unset Ring,Profane Proxy
Unset Ring,Replica Malachai's Artifice
Unset Ring,Replica Voideye
Unset Ring,Rotblood Promise
Unset Ring,Triumvirate Authority
Unset Ring,Squirming Terror
Cryonic Ring,The Will of Tul
Enthalpic Ring,The Will of Xoph
Synaptic Ring,The Will of Esh
Organic Ring,The Will of Uul-Netol
Fugitive Ring,The Sundered Will
Formless Ring,Lost Unity
Nameless Ring,The Queller of Minds
Nameless Ring,The Selfish Shepherd
Nameless Ring,The Hateful Accuser
Steel Ring,Mark of the Elder
Steel Ring,Betrayal's Sting
Steel Ring,Woespike
Opal Ring,Stormfire
Opal Ring,Mark of the Shaper
Opal Ring,Polaric Devastation
Opal Ring,The Unseen Hue
Vermillion Ring,Enmity's Embrace
Ring,Kalandra's Touch
Paua Amulet,Atziri's Foible
Paua Amulet,Sidhebreath
Paua Amulet,Zerphi's Heart
Paua Amulet,Sacrificial Heart
Paua Amulet,Replica Atziri's Foible
Paua Amulet,Defiance of Destiny
Coral Amulet,Araku Tiki
Coral Amulet,The Primordial Chain
Coral Amulet,Tavukai
Coral Amulet,Tainted Pact
Coral Amulet,Ikiaho's Promise
Amber Amulet,The Anvil
Amber Amulet,Blood of Corruption
Amber Amulet,Xoph's Heart
Amber Amulet,Xoph's Blood
Amber Amulet,Bloodsoaked Medallion
Jade Amulet,Karui Ward
Jade Amulet,Rashkaldor's Patience
Jade Amulet,The Halcyon
Jade Amulet,The Pandemonius
Jade Amulet,Hyrri's Truth
Jade Amulet,Willowgift
Jade Amulet,Replica Karui Ward
Jade Amulet,Replica Hyrri's Truth
Lapis Amulet,Marylene's Fallacy
Lapis Amulet,Stone of Lazhwar
Lapis Amulet,Tear of Purity
Lapis Amulet,Voice of the Storm
Lapis Amulet,Choir of the Storm
Lapis Amulet,The Ephemeral Bond
Lapis Amulet,Doedre's Tongue
Lapis Amulet,Khatal's Weeping
Lapis Amulet,Khatal's Geyser
Gold Amulet,The Ignomon
Gold Amulet,Winterheart
Gold Amulet,Perquil's Toe
Gold Amulet,Replica Winterheart
Gold Amulet,The Untouched Soul
Gold Amulet,The Utmost
Onyx Amulet,Astramentis
Onyx Amulet,Carnage Heart
Onyx Amulet,Eye of Chayula
Onyx Amulet,Hinekora's Sight
Onyx Amulet,Presence of Chayula
Onyx Amulet,Yoke of Suffering
Onyx Amulet,Impresence
Onyx Amulet,Aul's Uprising
Onyx Amulet,Solstice Vigil
Onyx Amulet,Leadership's Price
Onyx Amulet,Stranglegasp
Onyx Amulet,Crystallised Omniscience
Onyx Amulet,Ashes of the Stars
Onyx Amulet,The Eternal Struggle
Onyx Amulet,Replica Dragonfang's Flight
Onyx Amulet,Replica Hinekora's Sight
Turquoise Amulet,Victario's Acuity
Turquoise Amulet,Ungil's Harmony
Turquoise Amulet,Warped Timepiece
Turquoise Amulet,Maligaro's Cruelty
Turquoise Amulet,Badge of the Brotherhood
Turquoise Amulet,Fury Valve
Turquoise Amulet,Replica Badge of the Brotherhood
Turquoise Amulet,Haunting Memories
Agate Amulet,Voll's Devotion
Agate Amulet,Shaper's Seed
Agate Amulet,The Aylardex
Agate Amulet,Extractor Mentis
Agate Amulet,Eternal Damnation
Citrine Amulet,Daresso's Salute
Citrine Amulet,Eye of Innocence
Citrine Amulet,The Jinxed Juju
Citrine Amulet,The Felbog Fang
Citrine Amulet,Retaliation Charm
Ruby Amulet,Star of Wraeclast
Unset Amulet,Uul-Netol's Vow
Astrolabe Amulet,Venarius' Astrolabe
Blue Pearl Amulet,Gloomfang
Marble Amulet,Bloodgrip
Marble Amulet,Bonemeld
Seaglass Amulet,Whispers of Infinity
Black Maw Talisman,Night's Hold
Wereclaw Talisman,Rigwald's Curse
Clutching Talisman,Blightwell
Rotfeather Talisman,Natural Hierarchy
Greatwolf Talisman,Eyes of the Greatwolf
Rustic Sash,Prismweave
Rustic Sash,Feastbind
Rustic Sash,Faminebind
Rustic Sash,The Retch
Rustic Sash,Replica Prismweave
Chain Belt,Bated Breath
Chain Belt,Maligaro's Restraint
Chain Belt,Ascent From Flesh
Chain Belt,Coward's Chains
Chain Belt,Coward's Legacy
Chain Belt,Chains of Emancipation
Chain Belt,Replica Bated Breath
Chain Belt,Chain of Endurance
Chain Belt,Saresh's Darkness
Chain Belt,Solerai's Radiance
Leather Belt,Headhunter
Leather Belt,Immortal Flesh
Leather Belt,Wurm's Molt
Leather Belt,Umbilicus Immortalis
Leather Belt,Cyclopean Coil
Leather Belt,Gluttony
Leather Belt,Hyperboreus
Leather Belt,Leash of Oblation
Leather Belt,Bear's Girdle
Leather Belt,Replica Headhunter
Leather Belt,Pyroshock Clasp
Leather Belt,Screams of the Desiccated
Heavy Belt,Doryani's Invitation
Heavy Belt,Meginord's Girdle
Heavy Belt,Belt of the Deceiver
Heavy Belt,Dyadian Dawn
Heavy Belt,Bisco's Leash
Heavy Belt,String of Servitude
Heavy Belt,Siegebreaker
Heavy Belt,Mother's Embrace
Heavy Belt,Replica Siegebreaker
Heavy Belt,Survivor's Guilt
Heavy Belt,Mageblood
Heavy Belt,Kaom's Binding
Cloth Belt,Perandus Blazon
Cloth Belt,Sunblast
Cloth Belt,Soulthirst
Cloth Belt,Soul Tether
Cloth Belt,The Flow Untethered
Cloth Belt,The Torrent's Reclamation
Cloth Belt,Replica Soul Tether
Cloth Belt,The Druggery
Cloth Belt,Arn's Anguish
Cloth Belt,Olesya's Delight
Cloth Belt,Graven's Secret
Cloth Belt,Ceinture of Benevolence
Cloth Belt,Bound Fate
Cloth Belt,Nevalius Inheritance
Cloth Belt,The Arkhon's Tools
Studded Belt,The Magnate
Studded Belt,Ryslatha's Coil
Studded Belt,Ynda's Stand
Vanguard Belt,Perseverance
Vanguard Belt,The Tides of Time
Vanguard Belt,Binds of Bloody Vengeance
Crystal Belt,Auxium
Crystal Belt,The Burden of Truth
Stygian Vise,Darkness Enthroned
Sanctified Life Flask,Blood of the Karui
Greater Mana Flask,Doedre's Elixir
Grand Mana Flask,Zerphi's Last Breath
Colossal Mana Flask,Wellwater Phylactery
Sanctified Mana Flask,Lavianga's Spirit
Sanctified Mana Flask,Replica Lavianga's Spirit
Large Hybrid Flask,Divination Distillate
Hallowed Hybrid Flask,The Writhing Jar
Diamond Flask,Coralito's Signature
Ruby Flask,Coruscating Elixir
Ruby Flask,Dying Sun
Sapphire Flask,Taste of Hate
Topaz Flask,Vessel of Vinktar
Granite Flask,Rumi's Concoction
Granite Flask,Lion's Roar
Granite Flask,Replica Rumi's Concoction
Quicksilver Flask,Rotgut
Amethyst Flask,Atziri's Promise
Amethyst Flask,Progenesis
Quartz Flask,Forbidden Taste
Quartz Flask,Soul Catcher
Quartz Flask,Soul Ripper
Stibnite Flask,Witchfire Brew
Stibnite Flask,Sin's Rebirth
Stibnite Flask,Replica Witchfire Brew
Sulphur Flask,The Sorrow of the Divine
Sulphur Flask,The Overflowing Chalice
Sulphur Flask,Bottled Faith
Sulphur Flask,Replica Sorrow of the Divine
Silver Flask,Kiara's Determination
Silver Flask,Cinderswallow Urn
Bismuth Flask,The Wise Oak
Bismuth Flask,Oriath's End
Gold Flask,Wine of the Prophet
Iron Flask,Olroth's Resolve
Iron Flask,Starlight Chalice
Iron Flask,Elixir of the Unbroken Circle
Iron Flask,Vorana's Preparation
Ornate Quiver,Maloney's Mechanism
Ornate Quiver,Replica Maloney's Mechanism
Serrated Arrow Quiver,Craghead
Sharktooth Arrow Quiver,Hyrri's Bite
Sharktooth Arrow Quiver,Ahuana's Bite
Feathered Arrow Quiver,Asphyxia's Wrath
Feathered Arrow Quiver,Saemus' Gift
Penetrating Arrow Quiver,Drillneck
Blunt Arrow Quiver,Rearguard
Blunt Arrow Quiver,The Fracturing Spinner
Blunt Arrow Quiver,The Shattered Divinity
Two-Point Arrow Quiver,Rigwald's Quills
Two-Point Arrow Quiver,Skirmish
Spike-Point Arrow Quiver,Soul Strike
Spike-Point Arrow Quiver,Replica Soul Strike
Blazing Arrow Quiver,Blackgleam
Broadhead Arrow Quiver,Steelworm
Vile Arrow Quiver,Maloney's Nightfall
Vile Arrow Quiver,Spinehail
Heavy Arrow Quiver,Scorpion's Call
Primal Arrow Quiver,Voidfletcher
Primal Arrow Quiver,The Poised Prism
Crimson Jewel,Inertia
Crimson Jewel,Inspired Learning
Crimson Jewel,Rain of Splinters
Crimson Jewel,Efficient Training
Crimson Jewel,Atziri's Reign
Crimson Jewel,Fragility
Crimson Jewel,Energised Armour
Crimson Jewel,Emperor's Might
Crimson Jewel,Grand Spectrum
Crimson Jewel,Primordial Might
Crimson Jewel,The Red Dream
Crimson Jewel,The Red Nightmare
Crimson Jewel,Might of the Meek
Crimson Jewel,Tempered Flesh
Crimson Jewel,Combat Focus
Crimson Jewel,Transcendent Flesh
Crimson Jewel,Thread of Hope
Crimson Jewel,Split Personality
Crimson Jewel,Replica Primordial Might
Crimson Jewel,Dissolution of the Flesh
Crimson Jewel,Forbidden Flame
Crimson Jewel,Firesong
Crimson Jewel,Immutable Force
Crimson Jewel,Bloodnotch
Crimson Jewel,Warrior's Tale
Crimson Jewel,The Adorned
Crimson Jewel,Replica Fragility
Viridian Jewel,Fluid Motion
Viridian Jewel,Intuitive Leap
Viridian Jewel,Lioneye's Fall
Viridian Jewel,Careful Planning
Viridian Jewel,Hidden Potential
Viridian Jewel,Self-Flagellation
Viridian Jewel,Chill of Corruption
Viridian Jewel,Pacifism
Viridian Jewel,Emperor's Cunning
Viridian Jewel,Primordial Eminence
Viridian Jewel,The Green Dream
Viridian Jewel,The Green Nightmare
Viridian Jewel,Pure Talent
Viridian Jewel,The Golden Rule
Viridian Jewel,Tempered Spirit
Viridian Jewel,Transcendent Spirit
Viridian Jewel,Unnatural Instinct
Viridian Jewel,Seething Fury
Viridian Jewel,Quickening Covenant
Viridian Jewel,Impossible Escape
Viridian Jewel,Stormshroud
Viridian Jewel,Ancestral Vision
Viridian Jewel,Replica Pacifism
Cobalt Jewel,To Dust
Cobalt Jewel,Fertile Mind
Cobalt Jewel,Brute Force Solution
Cobalt Jewel,Fevered Mind
Cobalt Jewel,Powerlessness
Cobalt Jewel,Energy From Within
Cobalt Jewel,Healthy Mind
Cobalt Jewel,Dead Reckoning
Cobalt Jewel,Reckless Defence
Cobalt Jewel,Emperor's Wit
Cobalt Jewel,Unending Hunger
Cobalt Jewel,Primordial Harmony
Cobalt Jewel,The Blue Dream
Cobalt Jewel,The Blue Nightmare
Cobalt Jewel,Tempered Mind
Cobalt Jewel,Transcendent Mind
Cobalt Jewel,Fortress Covenant
Cobalt Jewel,Replica Reckless Defence
Cobalt Jewel,Apex Mode
Cobalt Jewel,Nadir Mode
Cobalt Jewel,Melding of the Flesh
Cobalt Jewel,Forbidden Flesh
Cobalt Jewel,Witchbane
Cobalt Jewel,Rational Doctrine
Cobalt Jewel,The Balance of Terror
Cobalt Jewel,Replica Powerlessness
Prismatic Jewel,Emperor's Mastery
Prismatic Jewel,The Anima Stone
Prismatic Jewel,Watcher's Eye
Prismatic Jewel,Sublime Vision
Prismatic Jewel,The Light of Meaning
Prismatic Jewel,Bound By Destiny
Murderous Eye Jewel,Tecrod's Gaze
Searching Eye Jewel,Ulaman's Gaze
Hypnotic Eye Jewel,Kurgal's Gaze
Ghastly Eye Jewel,Amanamu's Gaze
Timeless Jewel,Glorious Vanity
Timeless Jewel,Militant Faith
Timeless Jewel,Brutal Restraint
Timeless Jewel,Elegant Hubris
Timeless Jewel,Lethal Pride
Timeless Jewel,Heroic Tragedy
Large Cluster Jewel,Voices
Medium Cluster Jewel,Megalomaniac
Small Cluster Jewel,One With Nothing
Small Cluster Jewel,Kitava's Teachings
Small Cluster Jewel,The Interrogation
Small Cluster Jewel,Calamitous Visions
Small Cluster Jewel,Natural Affinity
Small Cluster Jewel,The Siege
Small Cluster Jewel,The Front Line
Strand Map,Whakawairua Tuahu
Maze Map,Doryani's Machinarium
Atoll Map,Maelström of Chaos
Cemetery Map,Hallowed Ground
Underground Sea Map,Oba's Cursed Trove
Dunes Map,Pillars of Arun
Dunes Map,Replica Pillars of Arun
Bone Crypt Map,Olmec's Sanctum
Underground River Map,"Caer Blaidd, Wolfpack's Den"
Vaal Pyramid Map,Vaults of Atziri
Courtyard Map,The Vinktar Square
Shore Map,Mao Kun
Moon Temple Map,The Twilight Temple
Temple Map,Poorjoy's Asylum
Temple Map,Replica Poorjoy's Asylum
Museum Map,The Putrid Cloister
Synthesised Map,Cortex
Synthesised Map,Altered Distant Memory
Synthesised Map,Augmented Distant Memory
Synthesised Map,Twisted Distant Memory
Synthesised Map,Rewritten Distant Memory
Synthesised Map,Replica Cortex
Cursed Crypt Map,The Coward's Trial
Promenade Map,Hall of Grandmasters
Overgrown Shrine Map,Acton's Nightmare
Necropolis Map,Death and Taxes
Harbinger Map,The Beachhead
Harbinger Map,Infused Beachhead
Vaal Aspect,Beauty
Vaal Aspect,Curiosity
Vaal Aspect,Ambition
Vaal Aspect,Cooperation
Primordial Fragment,Curio of Absorption
Primordial Fragment,Curio of Consumption
Primordial Fragment,Curio of Potential
Primordial Fragment,Curio of Decay
Preventative Contract,Contract: Breaking the Unbreakable
Familial Contract,Contract: Heart of Glory
Vigilante Contract,Contract: The Slaver King
Naval Contract,Contract: Death to Darnaw
Vengeful Contract,Contract: The Twins
Censer Relic,The Hour of Divinity
Censer Relic,The Blood of Innocence
Processional Relic,The Gilded Chalice
Processional Relic,The Chains of Castigation
Candlestick Relic,The Second Sacrament
Urn Relic,The Night Lamp
Coffer Relic,The First Crest
Tome Relic,The Broken Censer
Tome Relic,The Power and the Promise
Papyrus Relic,The Original Scripture
Minor Idol,Twist of Fate
Minor Idol,Wellspring of Creation
Minor Idol,Dance of Destruction
Minor Idol,Singular Focus
Minor Idol,Eldritch Gaze
Minor Idol,Wrath of the Cosmos
Minor Idol,Shadow Shaping
Minor Idol,Extreme Archaeology
Minor Idol,Crop Rotation
Minor Idol,Timeless Conflict
Minor Idol,Unending Nightmare
Minor Idol,Immutable Dogma
Minor Idol,Arbitrary Tenets
Minor Idol,Endless Tide
Minor Idol,Speaker of the Dead
Minor Idol,Cassia's Pride
Minor Idol,Meticulous Appraiser
Minor Idol,Lucid Dreams
Minor Idol,Destructive Play
Minor Idol,Bold Undertakings
Minor Idol,Gruelling Gauntlet
Minor Idol,Ruinous Wager
Minor Idol,Thorough Exploration
Minor Idol,Smash and Grab
Minor Idol,Crystallised Power
Minor Idol,Well Supplied
Minor Idol,Perceived Greatness
Minor Idol,Twisted Wish
Minor Idol,Refiner's Bargain
Prismatic Tincture,Sap of the Seasons
Ironwood Tincture,Mightblood Ire
Ashbark Tincture,Wildfire Phloem
Oakbranch Tincture,The Battle Within
Sporebloom Tincture,Grasping Nightshade